-- phpMyAdmin SQL Dump
-- version 5.2.1
-- https://www.phpmyadmin.net/
--
-- Servidor: mysql
-- Tiempo de generaci칩n: 27-05-2024 a las 10:50:06
-- Versi칩n del servidor: 8.4.0
-- Versi칩n de PHP: 8.2.8

SET SQL_MODE = "NO_AUTO_VALUE_ON_ZERO";
START TRANSACTION;
SET time_zone = "+00:00";


/*!40101 SET @OLD_CHARACTER_SET_CLIENT=@@CHARACTER_SET_CLIENT */;
/*!40101 SET @OLD_CHARACTER_SET_RESULTS=@@CHARACTER_SET_RESULTS */;
/*!40101 SET @OLD_COLLATION_CONNECTION=@@COLLATION_CONNECTION */;
/*!40101 SET NAMES utf8mb4 */;

--
-- Base de datos: `pakAG`
--

-- --------------------------------------------------------

--
-- Estructura de tabla para la tabla `Banatzailea`
--

CREATE TABLE `Banatzailea` (
  `id` int UNSIGNED NOT NULL,
  `izena` varchar(45) NOT NULL,
  `abizena` varchar(45) NOT NULL,
  `pasahitza` varchar(45) NOT NULL,
  `erabiltzailea` varchar(45) NOT NULL,
  `entregak` int UNSIGNED NOT NULL,
  `berandu_entregatuta` int UNSIGNED NOT NULL
) ENGINE=InnoDB DEFAULT CHARSET=utf8mb3;

--
-- Volcado de datos para la tabla `Banatzailea`
--

INSERT INTO `Banatzailea` (`id`, `izena`, `abizena`, `pasahitza`, `erabiltzailea`, `entregak`, `berandu_entregatuta`) VALUES
(1, 'Dewain', 'Bishell', 'tnaii61b', 'dbishell0', 66, 80),
(2, 'Erma', 'Ariss', 'lfysbj4g', 'eariss1', 30, 24),
(3, 'Jeth', 'Tackell', 'nman06i8', 'jtackell2', 69, 82),
(4, 'Ardath', 'Hupe', 'li2x8r25', 'ahupe3', 80, 86),
(5, 'Muffin', 'Greenard', '1dizm20i', 'mgreenard4', 29, 49),
(6, 'Marcille', 'Tschursch', 'l9jjmzwv', 'mtschursch5', 17, 99),
(7, 'Therine', 'Aslet', 'zefls5bt', 'taslet6', 60, 82),
(8, 'Horacio', 'Mapstone', '18drgsy5', 'hmapstone7', 32, 11),
(9, 'Zachariasa', 'Lundie', 'o45v4jji', 'zlundie8', 40, 18),
(10, 'Harley', 'Rowbotham', 'd5ndgoq9', 'hrowbotham9', 52, 24),
(11, 'Christie', 'Corish', '12up0tai', 'ccorisha', 10, 47),
(12, 'Budd', 'Elan', 'j3caqdva', 'belanb', 75, 2),
(13, 'Marie-ann', 'Blain', 'v9q2lyic', 'mblainc', 42, 72),
(14, 'Sinclare', 'Landa', 'kvxfvkth', 'slandad', 76, 64),
(15, 'Elora', 'Seebert', '9l66z70k', 'eseeberte', 98, 33),
(16, 'Kincaid', 'Hewes', 'iyqmzamk', 'khewesf', 11, 11),
(17, 'Noemi', 'Boyce', '6jgt2e5i', 'nboyceg', 66, 74),
(18, 'Edna', 'Jaan', 'yh1ilnep', 'ejaanh', 91, 43),
(19, 'Leila', 'Butrimovich', '6s8mt0at', 'lbutrimovichi', 82, 59),
(20, 'Marlane', 'Lesly', 'ah6nii9x', 'mleslyj', 83, 45),
(21, 'Nonie', 'Sallter', 'mpotr9a2', 'nsallterk', 66, 99),
(22, 'Merline', 'Buessen', '83vaj1qq', 'mbuessenl', 28, 15),
(23, 'Torey', 'Saunier', '8x6zmuwx', 'tsaunierm', 92, 75),
(24, 'Christoforo', 'Burchell', 'f9btq9wm', 'cburchelln', 71, 46),
(25, 'Manda', 'Cheesworth', 'lva0xeg9', 'mcheeswortho', 20, 91),
(26, 'Evanne', 'Durno', 'up1vp6cq', 'edurnop', 34, 71),
(27, 'Vernon', 'Cadwallader', 'uhq2apwo', 'vcadwalladerq', 25, 59),
(28, 'Tammi', 'Yaknov', 'scpogv83', 'tyaknovr', 63, 51),
(29, 'Gwyneth', 'Dimond', 'waulbonr', 'gdimonds', 55, 38),
(30, 'Dell', 'Ewings', '2lcxpflk', 'dewingst', 26, 97),
(31, 'Morrie', 'Vaughten', 'hwxhl2q5', 'mvaughtenu', 83, 58),
(32, 'Berkie', 'Keford', 'i0yviqke', 'bkefordv', 77, 63),
(33, 'Reggi', 'Skym', 'kxhg4kgn', 'rskymw', 85, 27),
(34, 'Carole', 'Bellino', 'istysmb3', 'cbellinox', 70, 76),
(35, 'Lexy', 'Postan', 'xdgd4y3j', 'lpostany', 94, 77),
(36, 'Bridie', 'Dunican', 'nu4ennjp', 'bdunicanz', 63, 44),
(37, 'Domenico', 'Silley', 'gzp63cdu', 'dsilley10', 58, 25),
(38, 'Quintilla', 'Robichon', 'pqo4fvme', 'qrobichon11', 74, 4),
(39, 'Kimberlee', 'Sawkin', 'j4wvh3fi', 'ksawkin12', 16, 5),
(40, 'Yorgo', 'De Benedictis', 'yo7yphh9', 'ydebenedictis13', 11, 0),
(41, 'Flint', 'Bracci', 'wgpnorz4', 'fbracci14', 53, 47),
(42, 'Basil', 'Rosellini', '9x5vw2h8', 'brosellini15', 58, 53),
(43, 'Arlen', 'Luty', '5866lez8', 'aluty16', 18, 48),
(44, 'Fran', 'Bollard', 'ls3oujqc', 'fbollard17', 93, 21),
(45, 'Elise', 'Bissett', '8dfy7647', 'ebissett18', 29, 20),
(46, 'Tuesday', 'Cursons', 'cf37lnd8', 'tcursons19', 44, 92),
(47, 'Chet', 'Sivills', 'zptw35wz', 'csivills1a', 68, 18),
(48, 'Horten', 'Ornells', '9lzhy8wd', 'hornells1b', 27, 47),
(49, 'Austen', 'Goby', 'kiymrql7', 'agoby1c', 80, 79),
(50, 'Arnoldo', 'Tippett', 'n51uljcl', 'atippett1d', 46, 33),
(51, 'Welbie', 'Jessel', 'c70v4j5h', 'wjessel1e', 99, 13),
(52, 'Joleen', 'Finessy', 'mrh7jt97', 'jfinessy1f', 62, 71),
(53, 'Alasteir', 'Lancetter', 'zqly1adv', 'alancetter1g', 12, 40),
(54, 'Jaimie', 'Tiebe', 'fz21oux7', 'jtiebe1h', 94, 54),
(55, 'Hilarius', 'Puddicombe', 'vkc1293g', 'hpuddicombe1i', 21, 49),
(56, 'Belva', 'Josilevich', 'jzz4uu5l', 'bjosilevich1j', 92, 41),
(57, 'Blondelle', 'Galbraith', 'lfmsjn3z', 'bgalbraith1k', 30, 55),
(58, 'Kennan', 'Attewell', 'qcgkq41t', 'kattewell1l', 46, 76),
(59, 'Tisha', 'Cale', 'w88zajxy', 'tcale1m', 88, 31),
(60, 'Marv', 'Capaldo', 'zlmfzy3y', 'mcapaldo1n', 76, 51),
(61, 'Cristabel', 'MacKeller', 'ivzvc5pf', 'cmackeller1o', 89, 83),
(62, 'Lenka', 'Francescuzzi', '8g0jc31t', 'lfrancescuzzi1p', 40, 85),
(63, 'Layne', 'Marlen', '7ipajlm3', 'lmarlen1q', 73, 1),
(64, 'Delly', 'Lyven', 'vqm01rd5', 'dlyven1r', 87, 40),
(65, 'Armand', 'Cuffe', 'p17nznoh', 'acuffe1s', 30, 25),
(66, 'Aymer', 'Patifield', 'ba4vlp07', 'apatifield1t', 4, 8),
(67, 'Gal', 'Sheahan', 'be1tp9tu', 'gsheahan1u', 23, 91),
(68, 'Joya', 'Gorwood', 'k44ac19c', 'jgorwood1v', 98, 66),
(69, 'Carroll', 'Braybrooks', 'tnpl5s8h', 'cbraybrooks1w', 2, 66),
(70, 'Kipp', 'Nigh', 'sbkdnky3', 'knigh1x', 84, 100),
(71, 'Killian', 'Staton', 'qhlppxk3', 'kstaton1y', 10, 7),
(72, 'Casi', 'Snap', 'eazixxin', 'csnap1z', 66, 83),
(73, 'Freida', 'Lambal', 'k97nqc38', 'flambal20', 32, 42),
(74, 'Bart', 'Lauderdale', '2bp46bu2', 'blauderdale21', 71, 8),
(75, 'Tabbatha', 'Evreux', 'z13ob92a', 'tevreux22', 69, 63),
(76, 'Abran', 'Robb', '19yz2cbj', 'arobb23', 56, 53),
(77, 'Dolley', 'Pountney', 'vj46r7ie', 'dpountney24', 2, 13),
(78, 'Danni', 'Fosh', 'fvsmvifb', 'dfosh25', 34, 82),
(79, 'Cathlene', 'Reisenberg', '54hhpqe9', 'creisenberg26', 87, 81),
(80, 'Gregor', 'Gasson', '3k57nfcm', 'ggasson27', 32, 43),
(81, 'Tish', 'Rizzo', '1y2adnvh', 'trizzo28', 62, 3),
(82, 'Jamil', 'Libri', '0necfx3b', 'jlibri29', 95, 93),
(83, 'Pansie', 'Dean', 'ne9httwb', 'pdean2a', 44, 76),
(84, 'Franzen', 'Pusey', 'ceoaay5w', 'fpusey2b', 93, 88),
(85, 'Walden', 'Lorenzetto', 'sqe00m4i', 'wlorenzetto2c', 48, 47),
(86, 'Lana', 'Pulsford', 'bweaisgl', 'lpulsford2d', 15, 78),
(87, 'Blanche', 'Meiningen', '06n4wmqr', 'bmeiningen2e', 51, 40),
(88, 'Annamaria', 'Barthelmes', 'fkq4dyj2', 'abarthelmes2f', 55, 21),
(89, 'Gwendolyn', 'Wilcinskis', '13hfjq46', 'gwilcinskis2g', 14, 72),
(90, 'Sandy', 'Millhill', 'jfamcpc2', 'smillhill2h', 62, 33),
(91, 'Brear', 'Winstone', 'm3yqyy3v', 'bwinstone2i', 86, 28),
(92, 'Jermaine', 'Wray', 'evp0cvhw', 'jwray2j', 41, 44),
(93, 'Pansy', 'Kayser', 'ox1geve8', 'pkayser2k', 35, 52),
(94, 'Toma', 'Joblin', 'qn61o75y', 'tjoblin2l', 37, 69),
(95, 'Lark', 'De Clairmont', 'fbad94js', 'ldeclairmont2m', 29, 36),
(96, 'Keefer', 'Cockburn', 'uno6s4bj', 'kcockburn2n', 44, 86),
(97, 'Noami', 'Bolsteridge', '2lm228o8', 'nbolsteridge2o', 51, 44),
(98, 'Rogers', 'Levick', 'dpsfb9e7', 'rlevick2p', 25, 92),
(99, 'Rahel', 'Drinkale', 'siylqqam', 'rdrinkale2q', 32, 81),
(100, 'Oona', 'Tuminelli', 'qid7nsaa', 'otuminelli2r', 89, 88);

-- --------------------------------------------------------

--
-- Estructura de tabla para la tabla `erabiltzailea`
--

CREATE TABLE `erabiltzailea` (
  `id` int NOT NULL,
  `izena` varchar(100) DEFAULT NULL,
  `abizena` varchar(100) DEFAULT NULL,
  `na_zenbakia` varchar(100) DEFAULT NULL,
  `erabiltzaile_izena` varchar(100) DEFAULT NULL,
  `pasahitza` varchar(100) DEFAULT NULL,
  `mota` varchar(100) DEFAULT NULL
) ENGINE=InnoDB DEFAULT CHARSET=utf8mb4 COLLATE=utf8mb4_0900_ai_ci;

-- --------------------------------------------------------

--
-- Estructura de tabla para la tabla `Inzidenzia`
--

CREATE TABLE `Inzidenzia` (
  `inzidenzia_kodea` int NOT NULL,
  `izenburua` varchar(200) NOT NULL,
  `informazioa` varchar(200) NOT NULL,
  `momentua` datetime DEFAULT NULL
) ENGINE=InnoDB DEFAULT CHARSET=utf8mb3;

--
-- Volcado de datos para la tabla `Inzidenzia`
--

INSERT INTO `Inzidenzia` (`inzidenzia_kodea`, `izenburua`, `informazioa`, `momentua`) VALUES
(1, '', 'Merops nubicus', '2024-05-22 11:11:13'),
(2, '', 'Salvadora hexalepis', '2024-05-22 11:11:13'),
(3, '', 'Colobus guerza', '2024-05-22 11:11:13'),
(4, '', 'Lophoaetus occipitalis', '2024-05-22 11:11:13'),
(5, '', 'Himantopus himantopus', '2024-05-22 11:11:13'),
(6, '', 'Funambulus pennati', '2024-05-22 11:11:13'),
(7, '', 'Cercatetus concinnus', '2024-05-22 11:11:13'),
(8, '', 'Bubalornis niger', '2024-05-22 11:11:13'),
(9, '', 'Picoides pubescens', '2024-05-22 11:11:13'),
(10, '', 'Sula dactylatra', '2024-05-22 11:11:13'),
(11, '', 'Pseudocheirus peregrinus', '2024-05-22 11:11:13'),
(12, '', 'Cervus canadensis', '2024-05-22 11:11:13'),
(13, 'Prueba', 'Semnopithecus entellus', '2024-05-22 11:11:13'),
(14, '', 'Vanellus chilensis', '2024-05-22 11:11:13'),
(15, '', 'Plegadis ridgwayi', '2024-05-22 11:11:13'),
(16, '', 'Felis concolor', '2024-05-22 11:11:13'),
(17, '', 'Rhea americana', '2024-05-22 11:11:13'),
(18, '', 'Cervus duvauceli', '2024-05-22 11:11:13'),
(19, '', 'Pseudocheirus peregrinus', '2024-05-22 11:11:13'),
(20, '', 'Dasyprocta leporina', '2024-05-22 11:11:13'),
(21, 'Prueba', 'Prueba', '2024-05-22 11:11:13'),
(22, 'Prueba 2', 'Prueba 2 fsad침lkfj sfh kdsajfh dsafsa df dsf dsfa dsfdsa fdsaf dsf dshflhldsajkfhsdjlkf alksjhfskdljhf alkdsjhf lkdsj fh', '2024-05-22 11:17:08'),
(23, 'Froga', 'Frogarako inzidentzia', '2024-05-22 11:32:05'),
(24, 'Froga', 'Frogarako inzidentzia', '2024-05-22 11:32:15');

-- --------------------------------------------------------

--
-- Estructura de tabla para la tabla `Paketea`
--

CREATE TABLE `Paketea` (
  `id` int NOT NULL,
  `entrega_egin_beharreko_data` date NOT NULL,
  `hartzailea` varchar(45) DEFAULT NULL,
  `dimensioak` varchar(20) NOT NULL,
  `hauskorra` tinyint(1) NOT NULL,
  `helburua` varchar(200) NOT NULL,
  `jatorria` varchar(200) DEFAULT NULL,
  `entregatzen` tinyint(1) NOT NULL,
  `Banatzailea_id` int UNSIGNED DEFAULT NULL
) ENGINE=InnoDB DEFAULT CHARSET=utf8mb3;

--
-- Volcado de datos para la tabla `Paketea`
--

INSERT INTO `Paketea` (`id`, `entrega_egin_beharreko_data`, `hartzailea`, `dimensioak`, `hauskorra`, `helburua`, `jatorria`, `entregatzen`, `Banatzailea_id`) VALUES
(3, '2023-08-07', 'Cord Moysey', '800x684', 0, '14316 Helena Place', '6 Summer Ridge Center', 0, 71),
(4, '2024-04-02', 'Sheffield Livingston', '780x317', 0, '36490 Forster Circle', '04818 Elmside Way', 0, 65),
(5, '2023-05-24', 'Jeanine Skpsey', '11x170', 0, '68 Linden Junction', '2544 Daystar Place', 0, 14),
(6, '2023-09-14', 'Marylee Binnall', '253x887', 0, '4693 Drewry Court', '8 Arizona Center', 0, 4),
(7, '2023-11-24', 'Randolf Paddy', '306x982', 0, '0037 Kipling Drive', '704 Warbler Plaza', 0, 76),
(9, '2024-03-19', 'Sam Dipple', '497x678', 0, '32707 Butternut Point', '5 Clove Avenue', 1, 1),
(10, '2023-06-14', 'Blanche Lambole', '483x56', 0, '7437 Kings Parkway', '21829 Prairie Rose Court', 0, NULL),
(11, '2024-01-15', 'Derrik Jiras', '752x504', 0, '96181 Prairieview Circle', '78635 Clarendon Avenue', 0, NULL),
(12, '2023-07-09', 'Winfred Dicke', '168x505', 0, '827 Reinke Trail', '0 Warbler Point', 0, NULL),
(13, '2023-11-23', 'Ange Sallery', '826x29', 0, '9380 Swallow Circle', '371 Portage Way', 0, NULL),
(14, '2023-11-23', 'Land Botten', '880x358', 0, '34742 Walton Junction', '72 Dawn Crossing', 0, NULL),
(15, '2023-08-11', 'Shepperd Rosborough', '551x261', 0, '4574 Gateway Court', '9 Maywood Parkway', 0, 76),
(16, '2024-03-27', 'Donella Dakers', '395x183', 0, '49 Mendota Circle', '1 Park Meadow Circle', 0, 50),
(17, '2023-09-19', 'Paolina Gorce', '768x113', 0, '36934 Monterey Place', '14 Birchwood Terrace', 0, NULL),
(18, '2023-06-21', 'Robinett Thomassin', '336x350', 0, '03 Di Loreto Point', '81 Fieldstone Park', 0, NULL),
(19, '2023-11-15', 'Reba Tale', '50x679', 0, '165 Fairview Way', '6290 Anzinger Center', 0, NULL),
(20, '2024-03-03', 'Mariska Hatter', '232x316', 0, '82025 Westport Parkway', '48842 Maywood Parkway', 0, NULL),
(21, '2024-03-31', 'Kenyon Klimecki', '698x119', 0, '21425 West Way', '325 Vera Parkway', 0, NULL),
(22, '2023-05-26', 'Lavena Keunemann', '689x71', 0, '1593 Novick Avenue', '6 Hazelcrest Plaza', 0, NULL),
(23, '2023-07-19', 'Natassia Shavel', '575x840', 0, '4333 Huxley Avenue', '5 Michigan Court', 0, NULL),
(24, '2023-11-16', 'Mozelle Harridge', '645x44', 0, '9 Ridge Oak Street', '4 Killdeer Park', 0, 40),
(25, '2024-01-03', 'Lyndel Pitman', '296x976', 0, '9 Northfield Parkway', '46 Luster Drive', 0, NULL),
(26, '2023-05-30', 'Miltie McCurry', '891x146', 0, '24055 Boyd Park', '9 Fallview Court', 0, NULL),
(27, '2024-04-19', 'Kare Joddins', '173x78', 0, '21 Kenwood Court', '59 Cambridge Parkway', 0, NULL),
(28, '2023-10-14', 'Sheeree Laurentin', '527x458', 0, '47222 Forest Dale Drive', '71242 Veith Hill', 0, 96),
(29, '2023-11-16', 'Axe Bassingden', '478x939', 0, '8 Burrows Trail', '3788 Hansons Park', 0, NULL),
(30, '2023-06-29', 'Reed Von Der Empten', '827x330', 0, '7 Gulseth Parkway', '176 Monterey Avenue', 0, NULL),
(31, '2024-05-04', 'Dari Amaya', '972x892', 0, '234 Forest Hill', '3 Manley Plaza', 0, NULL),
(32, '2023-06-11', 'Matias Robker', '329x367', 0, '7301 Wayridge Lane', '946 Grayhawk Drive', 0, 10),
(33, '2023-08-12', 'Ginnifer Dossantos', '981x570', 0, '14595 Lighthouse Bay Plaza', '3 Memorial Parkway', 0, 27),
(34, '2023-09-23', 'Luci Barbrick', '433x55', 0, '4 Norway Maple Avenue', '93342 Kingsford Park', 0, 3),
(35, '2023-08-11', 'David Brumen', '427x404', 0, '2 Northport Hill', '540 Graceland Street', 0, 21),
(36, '2023-08-22', 'Jimmie Hansen', '419x813', 0, '18 Welch Park', '4 Killdeer Street', 0, NULL),
(37, '2023-10-04', 'Arluene Haggidon', '390x141', 0, '8642 Lillian Avenue', '55 Oakridge Terrace', 0, 4),
(38, '2024-02-29', 'Min Proger', '322x750', 0, '898 Fairview Park', '23862 Sundown Parkway', 0, 83),
(39, '2024-01-12', 'Harwell Kittles', '90x671', 0, '98 Maple Place', '36607 Oakridge Junction', 0, 66),
(40, '2023-10-02', 'Audra Payn', '301x468', 0, '79 Montana Junction', '559 Jenna Pass', 0, NULL),
(41, '2023-09-26', 'Glenine McBrier', '769x111', 0, '52 Lighthouse Bay Park', '12 Homewood Drive', 0, 99),
(42, '2023-08-31', 'Rudd Entwisle', '449x376', 0, '7317 Aberg Park', '4376 West Avenue', 0, NULL),
(43, '2023-05-23', 'Eloise Alderton', '943x742', 0, '732 Hollow Ridge Alley', '24862 Elka Plaza', 0, 50),
(44, '2023-09-13', 'Maighdiln Lammenga', '188x976', 0, '0 Summer Ridge Drive', '420 Stang Circle', 0, 21),
(45, '2023-06-12', 'Dayle Bishopp', '35x113', 0, '960 Dottie Center', '35 Gina Point', 0, NULL),
(46, '2024-04-16', 'Lura Ace', '382x346', 0, '310 Hudson Way', '1 Meadow Vale Parkway', 0, 8),
(47, '2023-12-25', 'Tonie Jacobowicz', '417x475', 0, '57 Cordelia Lane', '4503 Alpine Crossing', 0, 3),
(48, '2024-01-16', 'Myca Le Marquis', '347x311', 0, '47998 Di Loreto Center', '12 Twin Pines Terrace', 0, 61),
(49, '2023-10-05', 'Luz Gilstin', '447x138', 0, '2921 Melby Park', '04 Mcguire Alley', 0, NULL),
(50, '2024-03-01', 'Simonette Engelmann', '272x60', 0, '0956 Westerfield Street', '431 Delladonna Point', 0, NULL),
(51, '2024-01-10', 'Nelly Murrow', '184x462', 0, '61 Brickson Park Park', '6 Lyons Place', 0, NULL),
(52, '2023-07-06', 'Nikolaus Capsey', '359x139', 0, '0 Prairieview Road', '8995 Shelley Point', 0, 21),
(53, '2023-09-02', 'Alasteir Noto', '284x74', 0, '286 2nd Alley', '8 Washington Center', 0, 95),
(54, '2024-03-02', 'Jeanna Roubert', '461x827', 0, '0731 Village Green Junction', '990 Mitchell Hill', 0, 14),
(55, '2023-10-16', 'Guenna Vowels', '177x363', 0, '21069 Aberg Hill', '0525 Golf Plaza', 0, 28),
(56, '2023-10-27', 'Gertrude Lupton', '525x580', 0, '49398 Truax Trail', '97288 Nova Way', 0, NULL),
(57, '2023-06-04', 'Shayna OnullCorr', '772x630', 0, '49691 Burning Wood Plaza', '765 Huxley Plaza', 0, NULL),
(58, '2023-07-27', 'Noni Kayes', '834x84', 0, '7 Pepper Wood Terrace', '47 Scoville Circle', 0, NULL),
(59, '2023-09-05', 'Dori Sudran', '806x606', 0, '70 Susan Circle', '4300 Eagle Crest Parkway', 0, NULL),
(60, '2024-01-08', 'Fidelity Howling', '110x674', 0, '36212 Heath Park', '3164 Stuart Court', 0, NULL),
(61, '2023-06-08', 'Annadiane McLucas', '103x534', 0, '1 Gulseth Crossing', '88809 Service Center', 0, 45),
(62, '2024-02-16', 'Andrej Cullin', '515x155', 0, '592 Kipling Way', '4 Derek Avenue', 0, NULL),
(63, '2023-09-04', 'Brit Appleton', '202x515', 0, '4972 Chive Junction', '1551 Sutteridge Circle', 0, NULL),
(64, '2024-02-05', 'Lavinia Dunnet', '84x273', 0, '900 Gerald Street', '60 Oriole Point', 0, NULL),
(65, '2024-01-22', 'Isidoro Dyke', '384x430', 0, '687 Armistice Court', '66 Calypso Way', 0, NULL),
(66, '2024-04-13', 'Pennie Vynoll', '900x567', 0, '3 Graceland Avenue', '12 Mcguire Alley', 0, 7),
(67, '2023-10-11', 'Robbert Vowles', '697x261', 0, '713 Northwestern Trail', '1 Norway Maple Circle', 0, 56),
(68, '2024-01-24', 'Lorilyn Morgans', '467x231', 0, '175 Northridge Junction', '0 Cardinal Park', 0, NULL),
(69, '2023-11-03', 'Hector Cardwell', '955x109', 0, '363 Farwell Crossing', '6473 Dottie Terrace', 0, NULL),
(70, '2024-04-11', 'Winnifred Joriot', '778x574', 0, '29 Del Mar Parkway', '3638 Anzinger Street', 0, 79),
(71, '2024-01-27', 'Mildred Mussotti', '866x765', 0, '922 American Ash Place', '61463 Leroy Hill', 0, 59),
(72, '2024-02-01', 'Joaquin Breese', '663x652', 0, '0157 Comanche Street', '65 Memorial Circle', 0, NULL),
(73, '2023-07-17', 'Benny Verrico', '87x517', 0, '63911 Crescent Oaks Avenue', '784 Boyd Street', 0, NULL),
(74, '2024-04-07', 'Diane Geillier', '892x645', 0, '052 North Court', '77393 Crescent Oaks Way', 0, NULL),
(75, '2024-04-14', 'Jessey Crocumbe', '300x902', 0, '903 Crest Line Plaza', '4889 Swallow Alley', 0, 93),
(76, '2023-08-12', 'Mathian Ludlam', '312x868', 0, '2 Beilfuss Junction', '65 Doe Crossing Point', 0, 40),
(77, '2023-11-10', 'Karlen Duggleby', '572x483', 0, '947 Mallory Center', '918 Duke Avenue', 0, 52),
(78, '2023-09-28', 'Pinchas Loosemore', '386x971', 0, '5487 Summerview Junction', '9360 Northland Circle', 0, 62),
(79, '2024-01-24', 'Fulton MacCaghan', '281x762', 0, '83 Lakewood Street', '247 Fremont Park', 0, 50),
(80, '2024-03-07', 'Gates Chansonnau', '547x776', 0, '2 Orin Road', '6 Jackson Road', 0, 93),
(81, '2023-12-08', 'Andre Luberto', '167x612', 0, '0862 Meadow Ridge Place', '42737 Dwight Place', 0, 46),
(82, '2023-06-20', 'Clara Bassil', '653x871', 0, '0 Delaware Circle', '02134 Brentwood Trail', 0, NULL),
(83, '2024-04-19', 'Michal Aymes', '834x371', 0, '6613 Grim Lane', '540 Goodland Court', 0, NULL),
(84, '2024-04-20', 'Vaughan Sperski', '238x642', 0, '552 Vidon Place', '5982 Lakewood Gardens Pass', 0, NULL),
(85, '2024-01-25', 'Seward Trittam', '590x119', 0, '05 Petterle Junction', '84549 Melvin Circle', 0, NULL),
(86, '2023-09-25', 'Sebastien Beller', '244x849', 0, '4 Bartelt Road', '9161 Swallow Plaza', 0, NULL),
(87, '2023-09-09', 'Noah Castillon', '345x566', 0, '92954 Warner Alley', '88 Little Fleur Lane', 0, 70),
(88, '2024-05-03', 'Edin Whyler', '883x349', 0, '99 Monica Crossing', '90 Clemons Road', 0, 99),
(89, '2024-01-14', 'Clarissa Urwin', '102x921', 0, '96 Cardinal Park', '82623 Butterfield Road', 0, 7),
(90, '2024-04-08', 'Elsinore Clack', '181x838', 0, '46 Blue Bill Park Junction', '5552 Thompson Plaza', 0, NULL),
(91, '2023-10-02', 'Collette Sale', '341x503', 0, '33 Barnett Junction', '058 Helena Junction', 0, 74),
(92, '2023-07-10', 'Howey Cordelet', '935x377', 0, '17 Oriole Parkway', '47063 Village Green Road', 0, 56),
(93, '2024-05-04', 'Odille Warlton', '609x530', 0, '39 Rigney Center', '73 Express Drive', 0, 17),
(94, '2023-10-23', 'Codi Clines', '359x805', 0, '78 Cordelia Way', '8143 Hanover Terrace', 0, NULL),
(95, '2023-07-25', 'Raleigh Rebanks', '987x121', 0, '43 Division Trail', '15388 Lyons Trail', 0, NULL),
(96, '2024-01-25', 'Annabella Paridge', '573x276', 0, '3 Clemons Drive', '5447 Onsgard Drive', 0, NULL),
(97, '2023-07-09', 'Anitra Shoveller', '399x154', 0, '94 Merchant Lane', '11873 Novick Avenue', 0, 75),
(98, '2024-03-18', 'Orin Albutt', '273x777', 0, '38 Moose Crossing', '3 Forest Parkway', 0, 82),
(99, '2024-03-08', 'Ulla Jakubovits', '817x492', 0, '943 Summerview Lane', '66731 8th Park', 0, NULL),
(100, '2023-09-17', 'Viki Ferbrache', '219x138', 0, '65 Oakridge Terrace', '7338 Green Drive', 0, NULL),
(101, '2023-08-23', 'Alec Schubart', '108x457', 0, '40 Lakeland Avenue', '370 Summit Road', 0, 59),
(102, '2024-02-27', 'Cyndie Vedekhin', '365x712', 0, '88 Bartillon Junction', '10849 Anhalt Alley', 0, 27),
(103, '2024-01-28', 'Petronille Fuente', '806x870', 0, '454 Rutledge Way', '087 Eastwood Street', 0, NULL),
(104, '2023-11-27', 'Giulietta Anfossi', '114x675', 0, '002 Larry Park', '804 Bashford Terrace', 0, 5),
(105, '2023-07-11', 'Lia Squelch', '124x938', 0, '950 Troy Plaza', '870 Vermont Drive', 0, 56),
(106, '2023-12-14', 'Dane Auty', '575x837', 0, '11762 Brickson Park Hill', '7 Katie Junction', 0, NULL),
(107, '2024-01-06', 'Aron Ecclestone', '867x386', 0, '95631 Arizona Junction', '29 Jackson Drive', 0, NULL),
(108, '2023-10-09', 'Viva Geldert', '279x932', 0, '19974 Becker Avenue', '0205 Knutson Road', 0, NULL),
(109, '2023-12-15', 'Waring Gaddie', '879x867', 0, '8584 Westerfield Avenue', '458 Colorado Lane', 0, NULL),
(110, '2024-02-19', 'Sydel Hasslocher', '131x324', 0, '8407 Bashford Hill', '3 Hayes Trail', 0, 2),
(111, '2023-05-22', 'Randall Parley', '310x161', 0, '1781 Arizona Alley', '8 Crowley Avenue', 0, 3),
(112, '2024-05-08', 'Dela Saffrin', '59x468', 0, '6 Marcy Point', '4 Carpenter Crossing', 0, NULL),
(113, '2023-06-09', 'Howard Digges', '273x49', 0, '53640 Merchant Crossing', '9912 Ohio Circle', 0, NULL),
(114, '2024-02-13', 'Raye Benech', '483x795', 0, '09627 Bluejay Avenue', '594 Farwell Court', 0, 65),
(115, '2023-08-15', 'Barty Deaton', '210x842', 0, '539 Moulton Junction', '29985 Lakeland Trail', 0, NULL),
(116, '2024-03-21', 'Gabbie Neissen', '226x986', 0, '17547 Porter Crossing', '635 Dwight Plaza', 0, 31),
(117, '2023-11-12', 'Davida Berdale', '433x813', 0, '375 Leroy Pass', '45420 Hazelcrest Street', 0, 83),
(118, '2023-12-25', 'Crystie Staddart', '618x332', 0, '1 Moulton Court', '97 Welch Plaza', 0, 50),
(119, '2024-05-11', 'Rory Casetti', '567x570', 0, '17 Judy Center', '99816 Texas Parkway', 0, NULL),
(120, '2023-09-07', 'Selia MacKartan', '598x20', 0, '93608 Carioca Court', '86504 Fallview Pass', 0, NULL),
(121, '2024-04-25', 'Maggy Chaplin', '29x902', 0, '25 Melody Avenue', '96 Cardinal Street', 0, NULL),
(122, '2023-11-18', 'Woodie Achrameev', '979x770', 0, '90937 Darwin Plaza', '7 Monterey Street', 0, 98),
(123, '2024-04-16', 'Ethyl Gouldie', '430x75', 0, '815 Darwin Center', '7042 Burning Wood Court', 0, 34),
(124, '2023-12-08', 'Errol Beeswing', '42x815', 0, '9820 Florence Street', '73 Oxford Street', 0, NULL),
(125, '2024-02-11', 'Burch Wiseman', '314x436', 0, '661 Elmside Point', '24 Roxbury Park', 0, NULL),
(126, '2024-04-26', 'Briney Janzen', '936x113', 0, '217 Kinsman Point', '50271 Hanover Alley', 0, 87),
(127, '2023-06-26', 'Sam Blackburn', '590x553', 0, '4452 Bultman Place', '01406 Mallory Trail', 0, NULL),
(128, '2024-02-23', 'Hasty Gregoraci', '525x149', 0, '8317 Carberry Crossing', '9 Center Terrace', 0, NULL),
(129, '2023-10-16', 'Dunstan Jemison', '349x649', 0, '8951 Melrose Pass', '97 Golf Course Court', 0, NULL),
(130, '2023-12-02', 'Codee Pashen', '201x773', 0, '205 Grayhawk Parkway', '73376 Doe Crossing Court', 0, 86),
(131, '2024-02-21', 'Ami Gowlett', '676x143', 0, '8 Merry Junction', '0447 Straubel Place', 0, NULL),
(132, '2024-04-24', 'Christoforo Bytheway', '548x555', 0, '425 Little Fleur Point', '12 High Crossing Junction', 0, 63),
(133, '2023-05-25', 'Elli Kilfether', '489x208', 0, '49 Shopko Alley', '2800 Anderson Center', 0, 100),
(134, '2024-04-27', 'Aldrich Lengthorn', '11x430', 0, '1215 Warbler Crossing', '64 Bluejay Drive', 0, 84),
(135, '2023-07-13', 'Mavis Riseley', '702x404', 0, '38 Birchwood Lane', '20338 Weeping Birch Court', 0, NULL),
(136, '2024-04-17', 'Bruno Munks', '581x869', 0, '610 Weeping Birch Alley', '40407 Arapahoe Plaza', 0, 93),
(137, '2023-05-29', 'Gerry Portwain', '723x292', 0, '1 Packers Park', '1 Farragut Pass', 0, 91),
(138, '2024-01-13', 'Iver McIlveen', '735x418', 0, '4122 Fulton Avenue', '11 Meadow Valley Place', 0, 51),
(139, '2023-11-28', 'Rafa Foker', '148x188', 0, '9 Mayfield Alley', '73 Havey Circle', 0, NULL),
(140, '2024-02-19', 'Alfy Glazyer', '604x165', 0, '8234 Coleman Alley', '9 Ruskin Alley', 0, 48),
(141, '2023-07-28', 'Myranda Siemantel', '777x715', 0, '34876 Gateway Point', '266 Arkansas Street', 0, NULL),
(142, '2023-09-10', 'Kendall Craghead', '482x885', 0, '3422 Memorial Avenue', '898 Melvin Court', 0, NULL),
(143, '2024-01-21', 'Lanie Dick', '785x832', 0, '13136 Park Meadow Circle', '1547 Oak Valley Alley', 0, NULL),
(144, '2023-08-26', 'Gussi Gligorijevic', '502x396', 0, '40763 Ridgeway Avenue', '385 Cascade Circle', 0, NULL),
(145, '2024-01-11', 'Ivar Lonnon', '996x321', 0, '1117 Mesta Road', '09 Del Mar Circle', 0, 60),
(146, '2023-10-21', 'Alphard Crookall', '543x14', 0, '3157 Sage Terrace', '583 Shasta Lane', 0, 18),
(147, '2023-09-09', 'Suzie Wellstood', '678x962', 0, '8 Summer Ridge Plaza', '130 Glacier Hill Pass', 0, 50),
(148, '2023-11-02', 'Sabina MacAleese', '650x450', 0, '22 Golden Leaf Crossing', '22 Washington Road', 0, 28),
(149, '2023-11-27', 'Cherri Higgen', '600x997', 0, '333 Meadow Ridge Hill', '31 Independence Plaza', 0, 53),
(150, '2023-11-29', 'Zeb Asbury', '617x289', 0, '7 Hoepker Point', '12 Troy Drive', 0, NULL),
(151, '2024-05-23', 'Olenka Light', '776x869', 0, '0964 Elka Place', '1 Di Loreto Way', 0, NULL),
(152, '2023-05-19', 'Fitz Hastings', '44x263', 0, '83 Evergreen Plaza', '46 Spenser Trail', 0, NULL),
(153, '2024-04-18', 'Netti Murdy', '826x654', 0, '4895 Bellgrove Court', '686 Bashford Alley', 0, NULL),
(154, '2023-08-24', 'Reid MacCaffrey', '56x754', 0, '67 Lawn Junction', '0 Westend Court', 0, 27),
(155, '2024-05-05', 'Lonny Fauning', '684x602', 0, '980 Gale Plaza', '657 Prairie Rose Trail', 0, NULL),
(156, '2024-04-11', 'Yvon Hambidge', '468x559', 0, '69 Truax Park', '672 3rd Point', 0, NULL),
(157, '2024-03-16', 'Guthrey MacKeague', '633x440', 0, '15630 Eliot Circle', '4950 Hermina Road', 0, NULL),
(158, '2024-02-17', 'Kate Idle', '289x445', 0, '96 Fieldstone Terrace', '63117 Onsgard Pass', 0, 29),
(159, '2024-04-15', 'Octavius Amott', '535x562', 0, '880 Beilfuss Hill', '26 Porter Road', 0, 19),
(160, '2023-08-10', 'Eadie Audibert', '535x435', 0, '9 Dahle Park', '46 Bowman Avenue', 0, NULL),
(161, '2023-08-11', 'Camellia Currer', '711x127', 0, '942 Anthes Crossing', '9 Grayhawk Place', 0, 79),
(162, '2024-05-06', 'Brose Brooke', '373x941', 0, '61875 Dottie Place', '04 Merchant Alley', 0, 26),
(163, '2023-08-08', 'Leticia Mallall', '975x945', 0, '01 Springs Court', '4 Sunnyside Parkway', 0, 19),
(164, '2023-05-18', 'Aldric Seedull', '240x908', 0, '2 Golf Court', '1 Del Sol Drive', 0, 79),
(165, '2024-03-09', 'Floria McHugh', '236x225', 0, '0839 Union Pass', '4 American Pass', 0, NULL),
(166, '2023-07-25', 'Ringo Abrahm', '491x987', 0, '30456 Anthes Road', '2506 Waxwing Center', 0, 26),
(167, '2024-04-07', 'Charla Guslon', '520x501', 0, '111 Farragut Street', '0 Arizona Terrace', 0, NULL),
(168, '2023-11-15', 'Burton Kirkman', '510x331', 0, '30 Green Street', '60 Browning Crossing', 0, 49),
(169, '2023-07-22', 'Harriot Prew', '303x361', 0, '22 Sullivan Road', '74237 Heffernan Terrace', 0, NULL),
(170, '2024-04-30', 'Flo Escalante', '292x174', 0, '58 Hoffman Place', '155 Beilfuss Avenue', 0, 57),
(171, '2023-09-02', 'Stanislas Schelle', '397x172', 0, '791 Lukken Avenue', '8557 Barby Avenue', 0, NULL),
(172, '2023-09-16', 'Eugenie Porker', '661x545', 0, '53327 Redwing Avenue', '99 Moose Park', 0, 80),
(173, '2023-05-31', 'Quillan Blackledge', '889x873', 0, '541 Dwight Point', '60029 Pearson Trail', 0, 19),
(174, '2024-03-01', 'Amitie Probate', '285x754', 0, '48049 Anderson Park', '57 Oriole Circle', 0, 27),
(175, '2023-07-11', 'Candice Scheffler', '742x266', 0, '8 Melvin Plaza', '44499 Waubesa Terrace', 0, 93),
(176, '2023-05-23', 'Loralee Bettinson', '48x809', 0, '19 Quincy Trail', '26 Sheridan Terrace', 0, 38),
(177, '2023-11-07', 'Jaymee Mackinder', '438x795', 0, '2 Vermont Junction', '6 Lunder Pass', 0, 21),
(178, '2023-08-29', 'Reinald Weald', '877x407', 0, '50477 Bobwhite Parkway', '4105 Dawn Alley', 0, 98),
(179, '2023-12-05', 'Charmaine Molloy', '622x414', 0, '1551 Morningstar Drive', '02 Sugar Point', 0, 2),
(180, '2024-02-27', 'Mortie McEvoy', '605x144', 0, '8548 Park Meadow Circle', '257 Pennsylvania Pass', 0, 78),
(181, '2024-05-21', 'Linnet Griffey', '256x649', 0, '5 Summerview Crossing', '5832 Spohn Point', 1, 40),
(182, '2024-03-23', 'Giraldo Sewell', '838x215', 0, '19 Ridge Oak Point', '35990 Eagle Crest Trail', 0, NULL),
(183, '2023-10-12', 'Nancie Demschke', '395x813', 0, '5 Gateway Court', '8660 Oakridge Road', 0, NULL),
(184, '2023-05-18', 'Branden Sisley', '131x383', 0, '53298 Hermina Circle', '4609 Karstens Road', 0, NULL),
(185, '2024-05-08', 'Tabatha Stranger', '576x173', 0, '078 Lien Point', '11225 Manley Park', 0, 71),
(186, '2023-05-25', 'Decca Tolland', '91x241', 0, '78 Fallview Circle', '6 Cherokee Alley', 0, 77),
(187, '2024-04-17', 'Rafaelia Ainsbury', '30x450', 0, '537 Chive Street', '9 Lighthouse Bay Avenue', 0, 70),
(188, '2023-09-28', 'Goldina Jerrome', '818x397', 0, '59033 Steensland Plaza', '6 Bultman Street', 0, NULL),
(189, '2023-07-02', 'Rayner Rey', '47x547', 0, '55128 Glacier Hill Hill', '100 Swallow Park', 0, NULL),
(190, '2024-05-02', 'Bard Venturoli', '328x62', 0, '3 Bay Road', '2 Blaine Junction', 0, 83),
(191, '2024-02-11', 'Rosalie Tull', '315x742', 0, '2 Rusk Point', '382 Anderson Trail', 0, 66),
(192, '2023-11-02', 'Mikkel Janak', '328x132', 0, '2399 Mosinee Plaza', '949 Forest Dale Place', 0, 72),
(193, '2023-11-02', 'Bart Hofner', '880x92', 0, '8117 Towne Junction', '9848 Packers Terrace', 0, NULL),
(194, '2023-12-28', 'Jen Coghlin', '59x816', 0, '99 Nobel Court', '1664 Troy Street', 0, 100),
(195, '2024-02-09', 'Lincoln Regorz', '886x19', 0, '607 Center Point', '877 South Avenue', 0, NULL),
(196, '2023-07-23', 'Fidel Bodechon', '405x420', 0, '78784 Vidon Point', '1 Sunbrook Pass', 0, NULL),
(197, '2023-10-17', 'Talbot Willmer', '887x374', 0, '0936 Victoria Trail', '76 Oxford Street', 0, 43),
(198, '2023-08-26', 'Camel Camplen', '232x435', 0, '7 Kipling Way', '07834 6th Plaza', 0, NULL),
(199, '2023-08-23', 'Shoshanna Pointer', '670x809', 0, '11 Derek Place', '91 Sutherland Way', 0, 6),
(200, '2024-02-19', 'Osbert Cicullo', '226x480', 0, '1629 Bartillon Trail', '47704 Corben Court', 0, 42),
(201, '2023-10-27', 'Sigismundo Bleasdille', '236x597', 0, '0392 Veith Circle', '00 Goodland Junction', 0, NULL),
(202, '2024-01-28', 'Zola Carverhill', '28x700', 0, '57028 Helena Alley', '20 Marquette Way', 0, NULL),
(203, '2023-11-20', 'Nicol Shakespear', '860x240', 0, '84376 Farragut Crossing', '61 Onsgard Alley', 0, NULL),
(204, '2023-07-22', 'Brucie Vescovini', '277x346', 0, '161 Morrow Center', '60 Lindbergh Court', 0, 48),
(205, '2023-10-29', 'Sadie McCrum', '961x424', 0, '1006 Calypso Junction', '5 Northview Place', 0, 76),
(206, '2024-01-29', 'Flint Jagels', '833x443', 0, '2336 Declaration Lane', '67 Sauthoff Way', 0, 5),
(207, '2024-02-08', 'Culley Barensky', '692x739', 0, '54 Waubesa Court', '02 Schmedeman Junction', 0, NULL),
(208, '2023-07-07', 'Roseanne Harnwell', '902x541', 0, '5182 Graedel Junction', '68724 Anthes Center', 0, 7),
(209, '2023-11-11', 'Giavani Georgiev', '578x146', 0, '71 Fuller Point', '6201 Hovde Plaza', 0, NULL),
(210, '2023-09-14', 'Blaine Harbord', '402x618', 0, '3 Carey Court', '2 Hermina Place', 0, NULL),
(211, '2024-03-01', 'Martina Shapcote', '400x909', 0, '7899 Corscot Trail', '773 Lighthouse Bay Center', 0, NULL),
(212, '2023-10-24', 'Filbert Straun', '727x66', 0, '6 Bunker Hill Junction', '92892 Shopko Way', 0, NULL),
(213, '2024-03-18', 'Felice Feldmus', '802x440', 0, '392 Golf Course Alley', '74 Holy Cross Circle', 0, NULL),
(214, '2023-11-01', 'Cyndi Yelding', '567x483', 0, '435 Ludington Terrace', '611 Northwestern Circle', 0, 47),
(215, '2024-05-04', 'Molly Creenan', '911x119', 0, '83 8th Crossing', '6 Bay Crossing', 0, NULL),
(216, '2023-06-26', 'Margaux Tildesley', '221x729', 0, '07341 Darwin Court', '8105 Grasskamp Parkway', 0, 24),
(217, '2024-02-18', 'Mallissa Jeness', '19x637', 0, '04 Orin Terrace', '418 Village Avenue', 0, 59),
(218, '2023-08-04', 'Louise Truman', '524x25', 0, '74995 Northfield Street', '92 Elka Park', 0, 37),
(219, '2023-12-13', 'Micki McCaw', '107x650', 0, '5754 Barnett Terrace', '408 Esch Junction', 0, NULL),
(220, '2023-08-20', 'Lindy Meynell', '65x686', 0, '15 Erie Avenue', '5230 Drewry Way', 0, NULL),
(221, '2024-05-01', 'Ailey Leyden', '369x323', 0, '26 Old Gate Junction', '218 Dryden Center', 0, 93),
(222, '2024-03-05', 'Georgiana Meynell', '525x837', 0, '49 Lakewood Gardens Center', '8 Kennedy Place', 0, NULL),
(223, '2023-12-20', 'Jermain Scutcheon', '645x30', 0, '5 Becker Hill', '4 Troy Street', 0, 67),
(224, '2024-03-14', 'Viviene Doige', '239x466', 0, '94604 Lerdahl Circle', '01 Packers Park', 0, 61),
(225, '2023-06-07', 'Fifine Necrews', '301x543', 0, '75 Namekagon Plaza', '4526 3rd Circle', 0, 94),
(226, '2023-10-19', 'Thornie Assel', '851x921', 0, '6 Ridgeview Alley', '6657 Nevada Street', 0, NULL),
(227, '2023-08-26', 'Cesaro Huffer', '520x668', 0, '277 8th Terrace', '86246 Algoma Circle', 0, NULL),
(228, '2024-03-08', 'Floria De Hoogh', '200x879', 0, '32014 Susan Place', '9934 Bay Parkway', 0, NULL),
(229, '2024-04-08', 'Henka Banbrigge', '464x304', 0, '13086 Loomis Pass', '80360 Kenwood Center', 0, 91),
(230, '2023-12-19', 'Rudolfo Phlippi', '322x112', 0, '86 Buhler Circle', '85 Evergreen Circle', 0, 47),
(231, '2023-05-17', 'Amelie Cressingham', '533x633', 0, '324 Warrior Circle', '04 Lyons Parkway', 0, NULL),
(232, '2023-05-22', 'Darnall Quinnelly', '640x648', 0, '8739 Porter Center', '84457 Glacier Hill Street', 0, NULL),
(233, '2024-05-23', 'Delano Entres', '680x175', 0, '2 Sloan Terrace', '6 Toban Center', 0, NULL),
(234, '2023-10-02', 'Angela Rickson', '875x893', 0, '3 Forest Run Crossing', '6 Larry Junction', 0, NULL),
(235, '2023-09-24', 'Sharity Isaksson', '485x881', 0, '986 Straubel Plaza', '2 Northfield Place', 0, 45),
(236, '2023-10-28', 'Allene Romaines', '618x373', 0, '377 Jenna Drive', '6 Schurz Avenue', 0, 49),
(237, '2024-02-04', 'Aloysia Olivari', '162x295', 0, '5041 Algoma Lane', '9564 Pepper Wood Center', 0, 83),
(238, '2023-06-26', 'Hedda Saunper', '141x843', 0, '9087 Bayside Avenue', '115 Hanover Way', 0, 57),
(239, '2023-06-18', 'Michelina Fulk', '272x623', 0, '95 Schiller Street', '65336 Mandrake Road', 0, NULL),
(240, '2023-09-12', 'Beilul Kettleson', '859x543', 0, '6756 Autumn Leaf Pass', '426 Westend Center', 0, 2),
(241, '2023-10-26', 'Talya Midlane', '900x697', 0, '3936 Forest Dale Place', '212 Dayton Avenue', 0, 10),
(242, '2024-03-04', 'Kassia Gawkroge', '18x614', 0, '884 Mallory Crossing', '420 Kipling Court', 0, 72),
(243, '2023-05-17', 'Octavia Dare', '738x526', 0, '67 Maryland Junction', '716 Di Loreto Crossing', 0, 90),
(244, '2023-08-09', 'Roxana Duetschens', '315x344', 0, '3 East Place', '1372 Mosinee Terrace', 0, NULL),
(245, '2024-01-09', 'Si Eldon', '220x625', 0, '02 3rd Junction', '79 Heath Place', 0, NULL),
(246, '2023-12-23', 'Bev Amoss', '544x416', 0, '1 Blue Bill Park Way', '2815 Cascade Court', 0, NULL),
(247, '2024-01-21', 'Eartha Mousby', '147x542', 0, '84169 Grim Place', '9244 Farwell Road', 0, 32),
(248, '2023-11-02', 'Jourdain Calles', '198x167', 0, '52 Old Shore Terrace', '2431 Anzinger Trail', 0, 63),
(250, '2023-07-09', 'Ingram Charlo', '13x31', 0, '263 Utah Circle', '13406 New Castle Crossing', 0, 5),
(251, '2023-09-23', 'Etta Surgeon', '847x930', 0, '67 Buell Crossing', '7114 Northview Avenue', 0, NULL),
(252, '2023-07-08', 'Edee Cockshtt', '825x885', 0, '9 Almo Avenue', '0 Pearson Street', 0, 8),
(253, '2023-08-31', 'Courtnay Mullan', '162x926', 0, '263 John Wall Alley', '2813 Straubel Point', 0, 97),
(254, '2024-03-04', 'Grissel Adess', '420x44', 0, '05 Dayton Street', '253 Saint Paul Road', 0, 15),
(255, '2024-03-30', 'Junie Leal', '97x725', 0, '49 Crescent Oaks Alley', '995 Myrtle Lane', 0, NULL),
(256, '2024-01-06', 'Almire Silcock', '50x606', 0, '602 Browning Lane', '5 Granby Park', 0, NULL),
(257, '2023-09-30', 'Yorke Gilbride', '938x82', 0, '59424 Anzinger Place', '3 Fair Oaks Hill', 0, 14),
(258, '2024-02-23', 'Ethelbert Kytley', '580x540', 0, '88 Carioca Plaza', '528 Coolidge Hill', 0, 27),
(259, '2024-04-05', 'Loralie Ianson', '231x902', 0, '02 Clarendon Circle', '5 Valley Edge Way', 0, NULL),
(260, '2023-11-20', 'Elvyn Eadmead', '704x425', 0, '8915 Columbus Point', '000 Hanover Court', 0, NULL),
(261, '2023-08-15', 'Cletus Kenealy', '279x866', 0, '02 Bunting Avenue', '1317 Warner Drive', 0, 84),
(262, '2023-12-10', 'Lucius Poulton', '67x702', 0, '4 Manley Drive', '435 Sutteridge Lane', 0, 12),
(263, '2023-07-31', 'Cristian Cudbertson', '214x146', 0, '6490 Grayhawk Plaza', '5 Sherman Street', 0, 53),
(264, '2024-02-19', 'Donnamarie Josling', '618x138', 0, '71 Luster Hill', '89344 Dawn Road', 0, NULL),
(265, '2024-04-06', 'Pippy Sharpous', '287x296', 0, '268 5th Hill', '171 Northwestern Pass', 0, NULL),
(266, '2024-03-24', 'Osbourn Partlett', '501x291', 0, '96 La Follette Park', '5 Killdeer Alley', 0, NULL),
(267, '2023-10-25', 'Rena Micklewicz', '514x228', 0, '01203 Anzinger Drive', '00 Eliot Park', 0, 41),
(268, '2024-03-12', 'Lydia Pittock', '74x876', 0, '585 Hanover Hill', '6020 Rowland Court', 0, NULL),
(270, '2024-05-07', 'Bradley Keys', '395x235', 0, '221 Nancy Plaza', '01 Arizona Terrace', 0, 63),
(271, '2023-05-21', 'Daisy Santus', '946x217', 0, '0 Schlimgen Hill', '192 Hovde Street', 0, NULL),
(272, '2023-11-14', 'Monroe Tubbles', '199x879', 0, '347 Grim Plaza', '43 Crescent Oaks Road', 0, 95),
(273, '2023-12-03', 'Ellette Dougharty', '481x66', 0, '4 Manufacturers Center', '4661 Browning Crossing', 0, NULL),
(274, '2023-09-25', 'Yancey Jaye', '103x205', 0, '1 Columbus Point', '13753 Wayridge Plaza', 0, 54),
(275, '2023-12-18', 'Isabella Yearnsley', '545x567', 0, '0812 Mendota Road', '6515 Declaration Circle', 0, 64),
(276, '2024-05-07', 'Michal Dayne', '777x137', 0, '732 Annamark Junction', '5974 Orin Crossing', 0, 3),
(277, '2023-07-20', 'Rufe Sumption', '796x956', 0, '31614 Annamark Terrace', '37649 Schlimgen Drive', 0, NULL),
(278, '2023-09-25', 'Laurens Rigardeau', '824x541', 0, '7 Springs Trail', '626 Graceland Place', 0, NULL),
(279, '2023-12-29', 'Catlaina Beretta', '887x520', 0, '8 Pierstorff Alley', '0081 Ohio Drive', 0, NULL),
(280, '2023-10-26', 'Cathyleen Debell', '686x96', 0, '5 Morrow Hill', '1 Westridge Center', 0, NULL),
(281, '2023-05-28', 'Doe Cattrell', '740x202', 0, '562 Sloan Street', '2846 Gale Alley', 0, NULL),
(282, '2024-03-23', 'Lezlie Ilive', '798x119', 0, '65678 Florence Plaza', '74749 Novick Court', 0, 93),
(283, '2023-07-16', 'Elly Jannex', '885x281', 0, '890 Corscot Road', '4 Kings Place', 0, 73),
(284, '2023-08-19', 'Rosanne Widger', '991x956', 0, '4 Buell Point', '0324 Hermina Crossing', 0, 64),
(285, '2023-10-11', 'Josefa Dmytryk', '935x337', 0, '0139 Gale Way', '718 Emmet Lane', 0, 33),
(286, '2023-06-24', 'Arvy Checketts', '365x132', 0, '2195 Donald Pass', '15 Merchant Road', 0, 45),
(287, '2024-01-19', 'Vyky Somerville', '871x38', 0, '65 Muir Park', '6 Glendale Drive', 0, NULL),
(288, '2023-12-31', 'Kory Bocke', '65x113', 0, '15 Ridgeview Parkway', '9 Northwestern Center', 0, NULL),
(289, '2023-10-15', 'Herold Carless', '650x352', 0, '00164 Warbler Way', '4 Marcy Park', 0, 15),
(290, '2023-06-11', 'Ailey Girone', '580x719', 0, '64 Mccormick Place', '12499 Porter Pass', 0, NULL),
(291, '2024-02-01', 'Magdalene felip', '109x974', 0, '9 Dunning Court', '58 Sunfield Center', 0, NULL),
(292, '2023-11-27', 'Darcy Jentet', '790x698', 0, '2 Hallows Point', '0900 Dovetail Point', 0, 34),
(293, '2023-06-06', 'Natalya Leishman', '895x253', 0, '57 Brentwood Drive', '8 Knutson Lane', 0, 99),
(294, '2023-05-28', 'Tobe Schwier', '344x350', 0, '91557 Oneill Parkway', '16 Goodland Alley', 0, 27),
(295, '2023-10-08', 'Livvy Costelloe', '76x516', 0, '4 Dovetail Plaza', '51878 Dunning Plaza', 0, 41),
(296, '2024-03-19', 'Maia Trimming', '319x287', 0, '81433 Darwin Alley', '014 Vidon Pass', 0, NULL),
(297, '2023-07-12', 'Andi Gindghill', '234x491', 0, '4934 1st Road', '10 Westridge Street', 0, 84),
(298, '2023-09-07', 'Cordi Chomicz', '739x216', 0, '09 Acker Hill', '9 Northport Trail', 0, 11),
(299, '2023-11-11', 'Lennard Ronaghan', '550x180', 0, '6337 Everett Street', '803 Londonderry Hill', 0, NULL),
(300, '2023-12-17', 'Joby Tenny', '239x474', 0, '5824 Dorton Pass', '3 Porter Drive', 0, 10),
(301, '2023-08-01', 'Luciano Marston', '510x508', 0, '13 Michigan Drive', '0904 Barnett Road', 0, NULL),
(302, '2023-06-08', 'Rhonda Oris', '290x155', 0, '933 New Castle Parkway', '07663 Jackson Place', 0, 100),
(303, '2024-01-11', 'Brodie Killough', '323x324', 0, '67 Canary Avenue', '386 Manley Circle', 0, 26),
(304, '2023-08-22', 'Flo Pallis', '606x10', 0, '13 Algoma Drive', '745 Mesta Trail', 0, NULL),
(305, '2024-03-11', 'Kore Briscam', '931x626', 0, '1 Division Circle', '06709 Nancy Hill', 0, NULL),
(306, '2023-07-06', 'Rozele Bettington', '753x493', 0, '599 Dakota Drive', '17 Quincy Alley', 0, NULL),
(307, '2023-08-19', 'Elsbeth Gamil', '846x121', 0, '739 Helena Way', '3 Colorado Lane', 0, NULL),
(308, '2023-09-09', 'Celene Covert', '670x325', 0, '2 Tony Trail', '19650 Onsgard Trail', 0, 19),
(309, '2024-01-10', 'Donnamarie Akhurst', '139x448', 0, '96207 Northwestern Junction', '4 Debs Avenue', 0, NULL),
(310, '2024-02-03', 'Dael Kimmins', '571x627', 0, '68 Lakewood Hill', '583 6th Avenue', 0, NULL),
(311, '2023-06-04', 'Nannie Sinden', '503x464', 0, '4 Orin Junction', '99 Pleasure Street', 0, 58),
(312, '2024-03-27', 'Maurine Aliberti', '135x916', 0, '01 Thompson Junction', '3 Northfield Junction', 0, NULL),
(313, '2023-07-12', 'Hasheem Mortlock', '571x337', 0, '0668 Pankratz Parkway', '3 Schmedeman Court', 0, 20),
(314, '2023-10-04', 'Burke Allsebrook', '304x145', 0, '475 Michigan Parkway', '89 Arizona Street', 0, NULL),
(315, '2023-09-04', 'Margarita Rathke', '386x76', 0, '76 Trailsway Avenue', '23 Tomscot Plaza', 0, 2),
(316, '2024-01-30', 'Jo-anne Jahnke', '38x327', 0, '569 Mcbride Drive', '47 Thierer Trail', 0, NULL),
(317, '2023-09-26', 'Eveleen Ruspine', '782x22', 0, '96190 Michigan Lane', '11221 Sutteridge Court', 0, 39),
(318, '2023-08-27', 'Aggie Siemianowicz', '99x624', 0, '7109 Fallview Center', '556 Brentwood Parkway', 0, 5),
(319, '2023-07-23', 'Alden Clemendet', '988x735', 0, '0 Charing Cross Terrace', '71814 Hanover Way', 0, 28),
(320, '2024-03-02', 'Uri Leverett', '314x688', 0, '8889 Sutteridge Lane', '810 Loomis Trail', 0, NULL),
(321, '2024-03-10', 'Virgina MacDiarmid', '416x47', 0, '8581 Montana Hill', '2 Golf Course Center', 0, 71),
(322, '2023-07-05', 'Guglielma Wilse', '458x99', 0, '6715 Boyd Point', '18433 Burrows Parkway', 0, NULL),
(323, '2023-10-05', 'Travis Digger', '674x653', 0, '5103 Kedzie Place', '36 Utah Hill', 0, NULL),
(324, '2023-12-25', 'Ross Ogan', '134x275', 0, '259 Mayfield Pass', '6 Gale Trail', 0, 82),
(325, '2024-03-06', 'Nerita Mallinder', '405x962', 0, '92 Sunnyside Junction', '37996 Dennis Terrace', 0, NULL),
(326, '2024-01-09', 'Belva Cursons', '446x843', 0, '30 Oakridge Parkway', '55103 Mitchell Circle', 0, NULL),
(327, '2023-12-19', 'Ben Snalham', '248x429', 0, '08 Helena Avenue', '013 Lakewood Crossing', 0, 90),
(328, '2024-01-03', 'Robin Le Conte', '228x629', 0, '19 Laurel Alley', '78 Veith Parkway', 0, 100),
(329, '2024-02-24', 'Kathe Highton', '765x847', 0, '67 Bonner Place', '80809 Annamark Lane', 0, NULL),
(330, '2024-04-17', 'Dyana Hallgarth', '702x908', 0, '7 Pawling Hill', '13052 Sommers Road', 0, NULL),
(331, '2023-12-20', 'Xylia Blasetti', '307x204', 0, '311 Badeau Parkway', '0 Sutherland Terrace', 0, 26),
(332, '2023-12-13', 'Giordano Sampey', '124x912', 0, '05950 Anniversary Lane', '80 Oakridge Junction', 0, NULL),
(333, '2024-02-21', 'Lonnie Richardes', '634x960', 0, '1 Esch Way', '44885 Ruskin Park', 0, NULL),
(334, '2024-03-29', 'Kristopher Halford', '36x96', 0, '4 Schurz Alley', '28401 Tennyson Way', 0, 4),
(335, '2023-07-20', 'Hayley Penwell', '411x177', 0, '8 Sundown Place', '3 Morrow Parkway', 0, 10),
(336, '2023-10-24', 'Yehudi Alvin', '998x219', 0, '403 Artisan Trail', '74 Fieldstone Terrace', 0, 33),
(337, '2024-02-07', 'Dagny Barrasse', '622x650', 0, '81283 Namekagon Way', '3 Bowman Way', 0, 2),
(338, '2023-10-16', 'Ellette Masdon', '828x715', 0, '17 Commercial Center', '2213 Larry Road', 0, 52),
(339, '2024-04-02', 'Annmaria Blindt', '307x847', 0, '81 Artisan Parkway', '09776 Boyd Plaza', 0, NULL),
(340, '2023-12-10', 'Brigham De Francisci', '351x317', 0, '78565 Hollow Ridge Alley', '75239 Meadow Valley Road', 0, NULL),
(341, '2024-04-09', 'Reider Sivell', '546x887', 0, '7682 Vernon Avenue', '7101 Graedel Circle', 0, NULL),
(342, '2024-04-27', 'Pru Ammer', '764x611', 0, '608 Clemons Place', '3418 Mcguire Center', 0, 98),
(343, '2024-04-25', 'Jerrie Bein', '576x185', 0, '133 Beilfuss Place', '5 Porter Pass', 0, NULL),
(344, '2023-09-15', 'Beale Beefon', '816x568', 0, '61 Hallows Park', '8 Sheridan Drive', 0, 15),
(345, '2023-05-31', 'Jaye Farlambe', '435x418', 0, '59630 Dakota Crossing', '9302 Artisan Way', 0, 98),
(346, '2023-08-13', 'Cassy Bottleson', '385x399', 0, '60333 Butterfield Point', '19 Schiller Alley', 0, NULL),
(347, '2023-08-25', 'Erasmus Andree', '320x253', 0, '738 Red Cloud Lane', '3923 Carioca Road', 0, 34),
(348, '2023-11-11', 'Fifine Rundle', '18x791', 0, '51 Merchant Alley', '5392 Mccormick Lane', 0, 53),
(349, '2023-12-17', 'Javier Gabbat', '375x453', 0, '83 Di Loreto Lane', '34 Hanson Crossing', 0, NULL),
(350, '2024-04-19', 'Dougie Tuxsell', '614x432', 0, '9609 Prairieview Way', '907 Crest Line Trail', 0, NULL),
(351, '2024-03-02', 'Irena Hurdman', '384x950', 0, '6081 Center Way', '53264 Pankratz Road', 0, 96),
(352, '2023-07-15', 'Selia Extence', '634x779', 0, '4567 Melody Pass', '686 Washington Alley', 0, NULL),
(353, '2024-04-21', 'Bradney Dungay', '397x258', 0, '24 Bunting Drive', '2 Everett Avenue', 0, NULL),
(354, '2024-02-21', 'Celie Oxborrow', '228x572', 0, '0003 Hoepker Street', '02 North Court', 0, 69),
(355, '2023-10-05', 'Georgena Loverock', '110x700', 0, '097 Dapin Terrace', '04287 Sycamore Drive', 0, 23),
(356, '2023-07-08', 'Georgiana Pyser', '460x790', 0, '369 Crowley Parkway', '00000 Farwell Trail', 0, NULL),
(357, '2024-01-27', 'Hadria Amey', '250x366', 0, '7 Clarendon Drive', '67 John Wall Pass', 0, 31),
(358, '2024-02-17', 'Barth Thirst', '532x474', 0, '5748 Bay Road', '65 Sutherland Drive', 0, 30),
(359, '2023-12-16', 'Jacqui Blance', '231x656', 0, '27 Division Lane', '59113 International Pass', 0, 15),
(360, '2024-01-30', 'Englebert Scurman', '153x302', 0, '795 Sommers Court', '85596 Graedel Center', 0, NULL),
(361, '2023-07-28', 'Inigo Rodmell', '768x343', 0, '837 Heath Road', '0 Merrick Road', 0, NULL),
(362, '2023-06-11', 'Myrlene Gretton', '87x931', 0, '848 Coolidge Center', '589 Kedzie Terrace', 0, 21),
(363, '2024-04-04', 'Catriona Putson', '817x916', 0, '1 Sutherland Road', '79 Brickson Park Avenue', 0, NULL),
(364, '2023-07-01', 'Perry Cargenven', '324x583', 0, '30 Thompson Center', '9 Lerdahl Lane', 0, NULL),
(365, '2024-03-10', 'Electra Shapland', '742x836', 0, '27746 Graedel Terrace', '9599 Manley Terrace', 0, 8),
(366, '2023-08-26', 'Sandy Davidsson', '707x761', 0, '9625 5th Pass', '37 Cottonwood Junction', 0, 57),
(367, '2023-07-24', 'Gianina Assante', '781x601', 0, '23481 Grim Plaza', '642 Stone Corner Avenue', 0, NULL),
(368, '2023-10-20', 'Pearce Snel', '951x904', 0, '20225 Manitowish Avenue', '2605 Donald Road', 0, NULL),
(369, '2024-03-19', 'Filberto Damant', '630x386', 0, '26 Stoughton Crossing', '216 Golf Course Junction', 0, 96),
(370, '2023-10-17', 'Estrella Ladel', '779x454', 0, '446 Banding Crossing', '81675 Steensland Street', 0, 97),
(371, '2024-05-04', 'Enid Ferraron', '134x790', 0, '06699 Lerdahl Avenue', '658 Vernon Street', 0, NULL),
(372, '2024-05-08', 'Lilas Dies', '326x868', 0, '8 Hayes Lane', '75508 Sycamore Crossing', 0, 95),
(373, '2024-05-11', 'Zachariah Kimmerling', '966x88', 0, '7438 Granby Park', '469 Forster Trail', 0, NULL),
(374, '2023-06-27', 'Beckie Ker', '290x730', 0, '93 Springs Terrace', '5 Warner Plaza', 0, NULL),
(375, '2023-09-02', 'Newton Shand', '266x648', 0, '0828 Golden Leaf Plaza', '114 Clemons Terrace', 0, 75),
(376, '2023-08-21', 'Doti Snazel', '935x351', 0, '34915 Autumn Leaf Parkway', '178 Schurz Park', 0, NULL),
(377, '2023-08-11', 'Bancroft Gutans', '712x848', 0, '07137 Bluestem Way', '33 Fairview Park', 0, 76),
(378, '2024-02-23', 'Mort Coghlin', '90x606', 0, '952 Armistice Drive', '97013 Brentwood Avenue', 0, NULL),
(379, '2023-09-26', 'Hamlin Tamas', '73x381', 0, '2 Wayridge Lane', '083 Burrows Point', 0, 90),
(380, '2024-04-09', 'Marylynne Jarvie', '607x789', 0, '28 Schlimgen Drive', '0 Kim Junction', 0, 77),
(381, '2024-05-01', 'Monty OnullCrevan', '949x880', 0, '54521 Meadow Valley Trail', '533 Heath Place', 0, NULL),
(382, '2024-01-03', 'Maighdiln Vondrak', '50x653', 0, '8498 Northwestern Plaza', '9 Dawn Trail', 0, 8),
(383, '2023-08-23', 'Frankie Drissell', '987x349', 0, '361 Fordem Plaza', '35040 Granby Plaza', 0, NULL),
(384, '2023-12-07', 'Cross Hanvey', '127x672', 0, '246 Homewood Pass', '8 Daystar Street', 0, NULL),
(385, '2024-03-08', 'Sid Elloit', '889x990', 0, '01 Green Avenue', '5224 Grover Drive', 0, 51),
(386, '2024-05-06', 'Geralda Pleasants', '35x234', 0, '90 Clarendon Lane', '690 Huxley Road', 0, 26),
(387, '2023-12-09', 'Mayor Lowth', '372x732', 0, '9 Pine View Hill', '86181 Del Mar Park', 0, NULL),
(388, '2023-07-16', 'Harri Spearett', '359x707', 0, '7650 Waywood Alley', '6 Aberg Avenue', 0, NULL),
(389, '2023-08-10', 'Philis Pennazzi', '883x850', 0, '454 Ridge Oak Place', '9 Aberg Way', 0, 30),
(390, '2024-02-18', 'Hans Ensor', '526x45', 0, '7 Leroy Lane', '351 Prairieview Drive', 0, 18),
(391, '2024-01-26', 'Harbert Lohering', '579x518', 0, '998 2nd Drive', '5 Killdeer Trail', 0, 9),
(392, '2024-01-15', 'Devy Hovert', '454x509', 0, '6710 Pearson Place', '2 Pond Park', 0, NULL),
(393, '2024-03-25', 'Lee OnullShaughnessy', '540x802', 0, '0 Harbort Avenue', '29142 Manley Hill', 0, 57),
(394, '2023-11-28', 'Darsey Kingsford', '555x166', 0, '294 Magdeline Crossing', '35 Golf Course Trail', 0, NULL),
(395, '2024-02-13', 'Jeana Twyning', '626x297', 0, '13301 Oakridge Alley', '390 Dexter Junction', 0, NULL),
(396, '2023-12-14', 'Clovis Poulsum', '621x209', 0, '7 Grasskamp Trail', '24526 Hermina Junction', 0, NULL),
(397, '2023-06-01', 'Elihu Graybeal', '93x704', 0, '077 Stoughton Place', '0 Memorial Lane', 0, NULL),
(398, '2023-05-28', 'Amos Pisculli', '424x512', 0, '76899 Atwood Road', '2 Nelson Center', 0, NULL),
(399, '2023-11-03', 'Byrle Domsalla', '758x948', 0, '2706 Jenna Way', '3938 Service Crossing', 0, 81),
(400, '2023-10-27', 'Eyde Lapthorn', '839x664', 0, '9377 Everett Street', '2 Northwestern Court', 0, 24),
(401, '2023-10-26', 'Karlen Oldaker', '661x92', 0, '776 Alpine Place', '20 Crownhardt Pass', 0, NULL),
(402, '2023-11-14', 'Javier Trowler', '164x996', 0, '1080 Bluejay Crossing', '5 Randy Drive', 0, NULL),
(403, '2024-05-04', 'Junia Jackling', '199x733', 0, '99203 Esker Place', '6910 Bluejay Lane', 0, NULL),
(404, '2023-06-09', 'Gillie Cayzer', '159x187', 0, '36872 Crownhardt Court', '234 Union Avenue', 0, NULL),
(405, '2024-04-05', 'Angelico Hulbert', '377x513', 0, '5 Texas Junction', '93 Mariners Cove Point', 0, NULL),
(406, '2023-07-23', 'Godfree Dredge', '245x861', 0, '39 Forest Run Court', '0 Merry Park', 0, NULL),
(407, '2023-06-29', 'Emily Zorzoni', '350x194', 0, '62439 Stang Center', '0860 Huxley Lane', 0, NULL),
(408, '2023-08-14', 'Yulma Moorcroft', '62x454', 0, '502 Meadow Ridge Court', '4281 Susan Circle', 0, NULL),
(409, '2023-10-16', 'Jemimah Lackington', '542x843', 0, '4862 American Parkway', '8 Vernon Street', 0, NULL),
(410, '2024-04-16', 'Laetitia Mingey', '571x646', 0, '8175 Clyde Gallagher Way', '177 Fulton Terrace', 0, 28),
(411, '2023-07-04', 'Chickie Noonan', '79x492', 0, '147 Huxley Terrace', '515 Little Fleur Circle', 0, 78),
(412, '2023-08-05', 'Shelby Pudsey', '71x199', 0, '2 Dayton Circle', '27858 Sutteridge Park', 0, 73),
(413, '2023-08-06', 'Skippy Willcox', '846x624', 0, '0 Manitowish Point', '54402 Burrows Avenue', 0, NULL),
(414, '2023-06-25', 'Antone Matschuk', '73x559', 0, '348 Fordem Center', '8258 Raven Crossing', 0, 32),
(415, '2023-09-14', 'Bartel Scamerdine', '151x707', 0, '77037 Forster Place', '9692 Katie Street', 0, 93),
(416, '2023-06-06', 'Heida Jullian', '495x886', 0, '8 Shoshone Terrace', '741 Nevada Avenue', 0, 76),
(417, '2024-03-01', 'Gerda Sherebrook', '747x47', 0, '664 Tennyson Plaza', '32 Warner Lane', 0, 15),
(418, '2023-10-29', 'Petunia Mabbott', '885x358', 0, '95 Hauk Hill', '9 Golden Leaf Drive', 0, 98),
(419, '2024-02-10', 'Russ Tassell', '686x860', 0, '8 Loeprich Street', '9592 Valley Edge Plaza', 0, 45),
(420, '2024-04-06', 'Diann Pelosi', '170x543', 0, '90 Menomonie Park', '7 Vera Point', 0, 34),
(421, '2024-03-03', 'Angel Ekell', '757x55', 0, '2663 Menomonie Terrace', '0287 Dryden Trail', 0, 25),
(422, '2023-10-17', 'Tandi Licciardo', '126x897', 0, '5 Sherman Plaza', '24 Kings Alley', 0, NULL),
(423, '2023-08-23', 'Dewie Kerford', '40x553', 0, '73 Sullivan Center', '0 Monument Terrace', 0, 74),
(424, '2023-12-03', 'Gelya Korda', '336x141', 0, '94043 Cascade Road', '6410 Park Meadow Hill', 0, NULL),
(425, '2023-12-28', 'Andrei Blyde', '474x620', 0, '3241 Sommers Trail', '6749 Hoard Way', 0, NULL),
(426, '2023-07-03', 'Nat Pindar', '518x717', 0, '63126 Oakridge Way', '862 Merrick Terrace', 0, 39),
(427, '2024-02-23', 'Benoit Garr', '762x21', 0, '995 Schiller Place', '2348 Graceland Terrace', 0, NULL),
(428, '2024-02-27', 'Irvin Beadel', '632x221', 0, '6500 Brickson Park Hill', '2199 Heath Alley', 0, NULL),
(429, '2024-04-20', 'Abba Twigge', '93x417', 0, '8 Porter Crossing', '24502 Eastwood Junction', 0, NULL),
(430, '2024-02-22', 'Joellen Mullarkey', '160x432', 0, '00584 Nelson Park', '0 Rigney Way', 0, 15),
(431, '2024-03-01', 'Murvyn Brumble', '478x256', 0, '1 Victoria Center', '173 Crest Line Court', 0, 62),
(432, '2023-09-14', 'Johny Canelas', '628x567', 0, '68245 Schmedeman Pass', '48318 Park Meadow Junction', 0, 11),
(433, '2024-02-23', 'Karrie Bloxam', '583x689', 0, '7 Becker Lane', '8440 Weeping Birch Plaza', 0, 19),
(434, '2023-08-05', 'Shanie Sucre', '764x650', 0, '16 Arrowood Lane', '3 Moland Road', 0, NULL),
(435, '2023-07-23', 'Garnet Semered', '469x759', 0, '6 Talmadge Terrace', '27 Homewood Pass', 0, 32),
(436, '2023-06-14', 'Ami Adolfson', '511x279', 0, '167 Pankratz Junction', '085 Service Lane', 0, NULL),
(437, '2023-08-21', 'Arel Weekland', '427x394', 0, '1005 Spaight Drive', '74675 Ridge Oak Crossing', 0, NULL),
(438, '2023-07-09', 'Carlynne Levene', '15x186', 0, '788 Luster Trail', '0310 Karstens Terrace', 0, NULL),
(439, '2023-10-09', 'Rubina Danshin', '669x381', 0, '45165 Dawn Drive', '17 Haas Alley', 0, NULL),
(440, '2024-03-26', 'Millisent Kinton', '789x700', 0, '91 Pond Drive', '4 Mallory Alley', 0, 85),
(441, '2024-04-25', 'Colene Vogeller', '378x118', 0, '60761 Hanson Court', '31 Anniversary Junction', 0, NULL),
(442, '2024-03-14', 'Isis Mettrick', '955x35', 0, '727 Heath Court', '11 Village Green Junction', 0, 10),
(443, '2023-10-30', 'Terrye Critch', '504x516', 0, '67806 Upham Road', '23324 Fallview Plaza', 0, 38),
(444, '2023-06-16', 'Griswold Phateplace', '356x503', 0, '4593 Graceland Center', '173 Calypso Court', 0, NULL),
(445, '2024-02-03', 'Lurette Lockie', '568x634', 0, '8 Springview Lane', '615 Rieder Avenue', 0, 51),
(446, '2024-01-29', 'Findley Vaadeland', '676x954', 0, '44259 Alpine Circle', '547 Birchwood Parkway', 0, NULL),
(447, '2024-04-27', 'Christabel Clemett', '835x830', 0, '380 Moulton Court', '31 Lyons Trail', 0, NULL),
(448, '2023-12-11', 'Brinn Kemet', '572x630', 0, '366 Fieldstone Point', '5 Main Court', 0, 91),
(449, '2024-03-29', 'Christean Lung', '678x457', 0, '45 Old Gate Park', '5352 Thackeray Hill', 0, NULL),
(450, '2023-10-24', 'Tabbie Borgne', '210x394', 0, '93 Stephen Street', '9 Killdeer Center', 0, NULL),
(451, '2024-01-18', 'Cathee Harome', '134x300', 0, '787 Ronald Regan Alley', '82962 Buhler Hill', 0, NULL),
(452, '2023-05-24', 'Kathrine Plaister', '552x242', 0, '3 Bartelt Park', '45449 Northport Road', 0, 39),
(453, '2023-06-18', 'Petronilla Gravie', '217x527', 0, '87185 Continental Street', '4125 Roxbury Place', 0, NULL),
(454, '2024-04-01', 'Archy Myatt', '270x825', 0, '892 Algoma Point', '59638 Anthes Trail', 0, NULL),
(455, '2023-06-03', 'Dorian Godsil', '343x804', 0, '04541 Becker Drive', '50 Del Mar Street', 0, 3),
(456, '2023-11-23', 'Byrom Slopier', '795x752', 0, '4384 Hallows Terrace', '28398 Pleasure Center', 0, NULL),
(457, '2023-07-08', 'Vail Vischi', '944x233', 0, '173 Swallow Place', '83598 Texas Pass', 0, 42),
(458, '2023-12-06', 'Glenn Rodder', '816x945', 0, '689 Dawn Drive', '81258 Lindbergh Terrace', 0, 32),
(459, '2024-01-03', 'Udell Ralton', '511x513', 0, '81828 Barnett Place', '29 Pepper Wood Way', 0, NULL),
(460, '2024-01-11', 'Brendis Hampton', '37x604', 0, '952 Meadow Ridge Hill', '8 Jackson Crossing', 0, NULL),
(461, '2024-03-27', 'Arlette Blackwood', '368x833', 0, '8363 Hazelcrest Place', '3567 Corben Drive', 0, 25),
(462, '2024-04-19', 'Jake Shercliff', '279x218', 0, '620 Chive Parkway', '46892 Johnson Pass', 0, 63),
(463, '2023-08-23', 'Venita Lunt', '789x51', 0, '5790 Norway Maple Crossing', '212 Burrows Lane', 0, NULL),
(464, '2024-05-01', 'Olia Bernhardi', '636x434', 0, '847 Forster Terrace', '3 Waubesa Pass', 0, 98),
(465, '2024-03-07', 'Leanora Segoe', '607x309', 0, '31 Derek Plaza', '9243 Bunting Parkway', 0, 92),
(466, '2023-12-06', 'Silvan Attenbrow', '277x592', 0, '7 Donald Plaza', '119 Reindahl Street', 0, 53),
(467, '2024-04-26', 'Salomone Sandyfirth', '532x608', 0, '7 Pleasure Plaza', '50359 Montana Parkway', 0, 2),
(468, '2024-01-11', 'Gary Simmig', '533x511', 0, '2134 Beilfuss Plaza', '91 Glacier Hill Park', 0, 43),
(469, '2023-08-18', 'Olivie Duigan', '970x649', 0, '29 Fairfield Hill', '8020 Harper Junction', 0, 3),
(470, '2024-05-03', 'Abigael Spilling', '928x543', 0, '75433 South Center', '120 Reinke Avenue', 0, 15),
(471, '2024-03-16', 'Garner Poley', '133x498', 0, '63 Crownhardt Circle', '44568 Summit Park', 0, 90),
(472, '2024-01-15', 'Odilia Bolstridge', '874x590', 0, '98 Buell Circle', '1 Luster Court', 0, NULL),
(473, '2023-08-19', 'Nanete Snow', '171x628', 0, '9255 Waubesa Place', '375 Superior Way', 0, NULL),
(474, '2023-12-09', 'Catherine Shurman', '806x518', 0, '6695 Homewood Park', '151 Maryland Way', 0, NULL),
(475, '2023-10-31', 'Boy Edinborough', '899x557', 0, '7 Rutledge Way', '647 Sugar Parkway', 0, NULL),
(476, '2023-05-17', 'Karlis Kornilyev', '962x477', 0, '78495 Steensland Alley', '00015 Rieder Alley', 0, NULL),
(477, '2024-03-22', 'Vanny Rewan', '925x142', 0, '4 Northwestern Trail', '0038 Ludington Circle', 0, 81),
(478, '2023-07-31', 'Prissie Silvermann', '766x128', 0, '12 Sutherland Point', '12 Dayton Point', 0, NULL),
(479, '2024-05-24', 'Alyson Deuss', '870x554', 0, '554 Clove Plaza', '9 Pierstorff Junction', 0, NULL),
(480, '2023-07-12', 'Chalmers Skittrell', '349x70', 0, '81 Northwestern Parkway', '67215 Service Junction', 0, 73),
(481, '2023-08-28', 'Tades Buchanan', '276x66', 0, '6 Kedzie Hill', '1680 Hauk Point', 0, 17),
(482, '2024-05-06', 'Leyla Currier', '969x716', 0, '270 Sunbrook Circle', '6723 Bay Circle', 0, 26),
(483, '2023-06-07', 'Damaris Luker', '118x313', 0, '5607 8th Terrace', '2834 Londonderry Point', 0, 7),
(484, '2023-07-12', 'Lucias Clinkard', '73x870', 0, '1 Paget Parkway', '2 Killdeer Crossing', 0, NULL),
(485, '2024-02-26', 'Lloyd Crossby', '454x742', 0, '2 Mendota Street', '500 Arapahoe Terrace', 0, 71),
(486, '2023-08-18', 'Leona Jimpson', '637x92', 0, '942 Corry Plaza', '20291 Dwight Hill', 0, 9),
(487, '2023-09-10', 'Swen Giral', '340x828', 0, '9805 Manley Street', '803 Stephen Parkway', 0, NULL),
(488, '2024-03-07', 'Delinda Falloon', '69x172', 0, '86726 Bayside Circle', '20 Rutledge Park', 0, 2),
(489, '2024-01-29', 'Sean Batters', '128x696', 0, '6209 Manufacturers Terrace', '05384 Mcguire Park', 0, NULL),
(490, '2023-08-01', 'Thom Winram', '604x107', 0, '8103 Norway Maple Trail', '0461 Bultman Place', 0, NULL),
(491, '2023-11-07', 'Fidelia Petrashkov', '959x183', 0, '2 Meadow Valley Avenue', '87231 Dixon Park', 0, 74),
(492, '2023-08-27', 'Josh Absolem', '512x171', 0, '73030 Comanche Pass', '067 Northport Circle', 0, 62),
(493, '2023-05-24', 'Maris Vogel', '92x695', 0, '55096 Cottonwood Pass', '8899 Monica Place', 0, 38);
INSERT INTO `Paketea` (`id`, `entrega_egin_beharreko_data`, `hartzailea`, `dimensioak`, `hauskorra`, `helburua`, `jatorria`, `entregatzen`, `Banatzailea_id`) VALUES
(494, '2023-10-26', 'Tirrell Izakof', '979x638', 0, '0 East Parkway', '12 Duke Parkway', 0, 34),
(495, '2023-12-03', 'Dosi Dreher', '550x965', 0, '1 6th Crossing', '07 Walton Park', 0, 48),
(496, '2023-05-24', 'Brooks Rohlf', '484x522', 0, '6 Buhler Court', '63979 Schmedeman Lane', 0, NULL),
(497, '2024-03-19', 'Caryl Sheilds', '711x70', 0, '055 Merchant Drive', '960 Sommers Road', 0, NULL),
(498, '2023-12-15', 'Enos Laslett', '668x749', 0, '08 Florence Lane', '7258 Amoth Road', 0, NULL),
(499, '2023-11-25', 'Trueman Robjohns', '96x782', 0, '112 Cottonwood Alley', '95693 Mayer Place', 0, 7),
(500, '2023-09-26', 'Frans Valero', '328x316', 0, '5 Claremont Alley', '12 Acker Street', 0, NULL);

-- --------------------------------------------------------

--
-- Estructura de tabla para la tabla `paketeak_inzidenzia_eduki`
--

CREATE TABLE `paketeak_inzidenzia_eduki` (
  `inzidenzia` int NOT NULL,
  `paketea` int NOT NULL
) ENGINE=InnoDB DEFAULT CHARSET=utf8mb3;

--
-- Volcado de datos para la tabla `paketeak_inzidenzia_eduki`
--

INSERT INTO `paketeak_inzidenzia_eduki` (`inzidenzia`, `paketea`) VALUES
(13, 1),
(21, 9),
(22, 9),
(23, 9),
(24, 9);

-- --------------------------------------------------------

--
-- Estructura de tabla para la tabla `Pakete_Historiala`
--

CREATE TABLE `Pakete_Historiala` (
  `id` int NOT NULL,
  `entrega_egin_beharreko_data` date NOT NULL,
  `hartzailea` varchar(45) DEFAULT NULL,
  `dimensioak` varchar(20) NOT NULL,
  `hauskorra` tinyint(1) NOT NULL,
  `helburua` varchar(200) NOT NULL,
  `jatorria` varchar(200) DEFAULT NULL,
  `entregatze_data` date NOT NULL,
  `Banatzailea_id` int UNSIGNED NOT NULL
) ENGINE=InnoDB DEFAULT CHARSET=utf8mb3;

--
-- Volcado de datos para la tabla `Pakete_Historiala`
--

INSERT INTO `Pakete_Historiala` (`id`, `entrega_egin_beharreko_data`, `hartzailea`, `dimensioak`, `hauskorra`, `helburua`, `jatorria`, `entregatze_data`, `Banatzailea_id`) VALUES
(1, '2023-09-01', 'Steward Tukely', '800x684', 0, '2 Truax Plaza', '6 Fordem Crossing', '2022-06-19', 1),
(2, '2023-12-03', 'Trefor Cottisford', '11x170', 0, '054 Mallard Drive', '27 Cherokee Plaza', '2020-07-10', 1),
(3, '2023-12-07', 'Aaren Newell', '11x170', 0, '2 Amoth Lane', '866 International Place', '2023-01-21', 47),
(4, '2023-12-13', 'Jaime Lindsey', '854x318', 1, '79 2nd Center', '24308 Browning Court', '2022-02-17', 18),
(5, '2023-09-05', 'Deirdre Burgum', '569x363', 1, '91259 Haas Circle', '99588 Main Crossing', '2021-11-20', 24),
(6, '2023-09-19', 'Lawry McLorinan', '11x170', 0, '09064 Merchant Place', '18 Carioca Plaza', '2022-05-24', 99),
(7, '2023-09-14', 'Liz Stubbert', '854x318', 0, '22040 Florence Park', '846 Lindbergh Crossing', '2021-07-02', 7),
(8, '2024-03-13', 'Danya Matic', '854x318', 1, '347 Dayton Court', '76020 Di Loreto Point', '2022-07-30', 60),
(9, '2023-12-07', 'Timmy Brokenbrow', '11x170', 0, '1590 Northwestern Circle', '9430 Golf View Road', '2022-10-31', 42),
(10, '2024-01-24', 'Orin Frome', '780x317', 1, '2 Lien Street', '0976 Nevada Way', '2020-10-07', 46),
(11, '2023-09-15', 'Waldo Syms', '569x363', 0, '4624 Corscot Alley', '610 Hooker Place', '2022-02-28', 83),
(12, '2024-01-24', 'Freddie Kemer', '11x170', 0, '71561 Del Sol Trail', '66091 Ohio Way', '2021-01-31', 74),
(13, '2023-10-25', 'Lora Aarons', '569x363', 0, '654 Browning Trail', '02 Ohio Parkway', '2021-08-31', 70),
(14, '2024-01-11', 'Wilie Springthorp', '780x317', 0, '17044 Carioca Pass', '313 Randy Street', '2020-10-09', 63),
(15, '2024-03-14', 'Alberik Edsell', '854x318', 0, '442 Caliangt Avenue', '759 Old Gate Center', '2023-08-24', 2),
(16, '2024-02-16', 'Daveen Gerckens', '569x363', 1, '7006 Vermont Place', '385 Kipling Court', '2024-05-05', 79),
(17, '2023-09-17', 'Bobbie Howsley', '800x684', 0, '21227 Oxford Hill', '8919 Lindbergh Road', '2021-11-20', 14),
(18, '2023-08-31', 'Mavra Eggar', '569x363', 0, '016 New Castle Way', '79 American Ash Drive', '2023-09-05', 97),
(19, '2023-12-31', 'Baudoin Abbado', '780x317', 0, '4023 Mcguire Point', '44 Bonner Drive', '2019-07-06', 56),
(20, '2023-11-09', 'Wes Richardot', '800x684', 1, '7465 Rowland Plaza', '0 Vidon Terrace', '2020-01-27', 20),
(21, '2023-12-02', 'Eartha Bootton', '780x317', 1, '445 Springview Point', '4 Lakewood Pass', '2021-09-13', 13),
(22, '2023-12-07', 'Jacintha Edge', '569x363', 1, '38 Gerald Plaza', '67242 Macpherson Point', '2020-06-19', 64),
(23, '2023-12-02', 'Hermy Hefferon', '11x170', 1, '59 Homewood Drive', '141 Johnson Crossing', '2020-05-10', 37),
(24, '2023-08-21', 'Ashleigh Batchellor', '854x318', 1, '0472 West Trail', '5 Kipling Plaza', '2022-09-22', 49),
(25, '2023-08-21', 'Rafaela Tupling', '11x170', 1, '9 Ridgeway Park', '09 Texas Crossing', '2022-03-29', 64),
(26, '2023-09-14', 'Niel Height', '780x317', 0, '77 Arrowood Center', '1827 Mifflin Road', '2021-09-03', 53),
(27, '2023-11-25', 'Brandise Wheeldon', '11x170', 0, '5077 Chinook Way', '6391 Oakridge Terrace', '2023-10-16', 77),
(28, '2024-03-28', 'Ade Dovydenas', '780x317', 0, '3573 Division Hill', '7535 Fairfield Road', '2023-10-20', 92),
(29, '2024-01-28', 'Sascha Hutchison', '854x318', 1, '6 Scofield Park', '23 Rutledge Center', '2019-11-04', 93),
(30, '2023-11-28', 'Travus Jedras', '11x170', 0, '17352 Lerdahl Way', '90687 Pierstorff Drive', '2020-10-09', 91),
(31, '2024-02-22', 'Ricky Lievesley', '854x318', 0, '972 Twin Pines Junction', '428 New Castle Plaza', '2019-07-18', 3),
(32, '2023-09-11', 'Catriona Aubery', '780x317', 0, '478 Sugar Park', '64 Tennessee Court', '2020-10-27', 26),
(33, '2023-10-23', 'Gena Conrard', '800x684', 1, '32 Elka Terrace', '3743 Debra Street', '2020-07-15', 97),
(34, '2023-11-05', 'Xavier Tatters', '854x318', 0, '078 Raven Drive', '1300 Bay Circle', '2023-11-02', 14),
(35, '2024-03-16', 'Vickie Daybell', '800x684', 0, '96 Chinook Lane', '9523 Killdeer Alley', '2022-07-26', 34),
(36, '2024-03-01', 'Padgett Burge', '11x170', 1, '7473 Orin Lane', '13 Loeprich Circle', '2022-07-29', 87),
(37, '2024-03-13', 'Aharon Chretien', '854x318', 1, '3 Cody Alley', '7 Center Place', '2023-06-27', 27),
(38, '2023-08-14', 'Bryon Lerner', '800x684', 1, '7824 Reinke Park', '5765 Anthes Parkway', '2020-07-13', 74),
(39, '2023-11-12', 'Chandal Bysh', '854x318', 0, '04396 Northwestern Circle', '61109 Kingsford Pass', '2024-01-14', 8),
(40, '2023-08-18', 'Torin Martinelli', '780x317', 0, '0 Tennessee Park', '48 Continental Trail', '2024-03-01', 21),
(41, '2023-08-15', 'Tabbie Cicconetti', '800x684', 0, '8 Mockingbird Drive', '17896 Clove Terrace', '2021-06-23', 100),
(42, '2023-10-02', 'Shandee Matteucci', '569x363', 0, '0697 Waywood Circle', '72341 Hagan Junction', '2022-06-24', 33),
(43, '2023-11-15', 'Eadmund Sussems', '11x170', 1, '0 Mccormick Alley', '0618 West Junction', '2023-04-16', 47),
(44, '2024-02-01', 'Tillie Dybell', '569x363', 1, '27297 2nd Pass', '2455 Susan Alley', '2023-02-07', 40),
(45, '2023-10-24', 'Ronna Beaudry', '854x318', 0, '7982 Brown Road', '7 Thierer Trail', '2020-08-21', 71),
(46, '2023-12-29', 'Valene Attac', '800x684', 0, '7116 Carey Road', '4530 Chive Center', '2024-04-01', 22),
(47, '2023-08-21', 'Eveline Wymer', '854x318', 0, '9715 Mayer Junction', '8 Fairview Drive', '2024-03-06', 66),
(48, '2023-11-15', 'York Ferriday', '569x363', 0, '333 Mosinee Point', '2376 Ramsey Plaza', '2019-11-24', 60),
(49, '2024-02-13', 'Candis Gascoyen', '11x170', 0, '28 Burrows Alley', '1484 Springview Avenue', '2019-12-22', 20),
(50, '2024-03-06', 'Dorry Varney', '11x170', 1, '984 Heffernan Parkway', '860 Warner Alley', '2020-06-24', 83),
(51, '2023-10-28', 'Hobard Attwoul', '780x317', 1, '1 Kings Place', '631 Eagle Crest Terrace', '2019-10-31', 39),
(52, '2024-01-02', 'Bobbe Yarn', '800x684', 1, '8 Old Shore Plaza', '91 Cascade Center', '2023-01-23', 43),
(53, '2023-12-31', 'Farrah Torbeck', '800x684', 0, '36 Veith Pass', '84391 Melody Alley', '2023-08-06', 55),
(54, '2023-09-10', 'Hagen Goodlip', '11x170', 1, '460 Talisman Road', '95036 Charing Cross Street', '2022-08-09', 65),
(55, '2024-03-21', 'Cassandra Dossetter', '854x318', 0, '239 Mcbride Lane', '0391 Porter Plaza', '2021-04-14', 31),
(56, '2024-03-19', 'Moritz Bucke', '800x684', 0, '39294 Hagan Terrace', '9052 Morningstar Street', '2019-09-22', 45),
(57, '2023-11-13', 'Agace Wrathmell', '854x318', 0, '952 Bluestem Point', '7 Northridge Drive', '2023-12-26', 94),
(58, '2024-01-01', 'Gareth Bradfield', '11x170', 1, '32849 Clyde Gallagher Street', '73521 Prairie Rose Circle', '2022-04-15', 43),
(59, '2024-01-10', 'Alwin Humbert', '11x170', 1, '9134 Menomonie Center', '743 Bobwhite Street', '2022-09-26', 20),
(60, '2023-09-04', 'Rosana Mundie', '854x318', 0, '287 Corben Point', '52 Jenna Trail', '2022-11-06', 21),
(61, '2024-01-16', 'Cheslie Sine', '854x318', 0, '479 Buhler Drive', '41 Del Mar Road', '2021-06-04', 67),
(62, '2023-10-15', 'Martica Conrad', '800x684', 0, '0 Namekagon Alley', '3 Eagle Crest Plaza', '2024-04-12', 80),
(63, '2024-02-27', 'Riordan Bulteel', '780x317', 1, '592 Carioca Court', '748 Northland Point', '2020-04-04', 79),
(64, '2024-01-15', 'Kelley Stockdale', '800x684', 1, '252 Cody Terrace', '63874 Arkansas Place', '2019-08-15', 70),
(65, '2023-08-08', 'Charil Spaice', '800x684', 0, '35 Maryland Crossing', '0 Sommers Center', '2021-01-04', 97),
(66, '2023-10-08', 'Fidelia Haysar', '569x363', 0, '03 Talmadge Lane', '056 Golf View Road', '2023-03-10', 7),
(67, '2023-08-15', 'Cecilio Petit', '854x318', 1, '204 Green Way', '80 Macpherson Circle', '2024-01-09', 22),
(68, '2023-08-08', 'Rolf Hannaford', '11x170', 0, '6 Talmadge Circle', '9035 Sycamore Parkway', '2023-05-15', 64),
(69, '2024-03-04', 'Edlin Ludye', '780x317', 1, '1 Springview Way', '5 Beilfuss Drive', '2023-11-06', 83),
(70, '2024-03-26', 'Trevor Waterfield', '854x318', 1, '36756 Atwood Way', '5 Manitowish Center', '2023-11-05', 77),
(71, '2024-01-20', 'Cordy Rhule', '800x684', 0, '9891 Reindahl Center', '7 Colorado Trail', '2021-09-13', 13),
(72, '2023-09-09', 'Wallas Lawey', '11x170', 0, '3 Jenifer Plaza', '10 Bluejay Drive', '2023-12-28', 61),
(73, '2023-12-29', 'Alley Kibbe', '569x363', 0, '0 Scott Junction', '9 Talmadge Drive', '2023-05-11', 55),
(74, '2024-03-04', 'Avie Sheard', '569x363', 0, '7591 Clemons Avenue', '2155 Sauthoff Crossing', '2020-09-02', 43),
(75, '2024-01-11', 'Anna-diana Bedminster', '569x363', 1, '5292 Annamark Pass', '8214 Hoepker Parkway', '2019-07-29', 8),
(76, '2024-02-20', 'Panchito Best', '11x170', 1, '884 Lotheville Pass', '3 Arapahoe Lane', '2021-03-29', 5),
(77, '2023-12-04', 'Fiann Mulligan', '780x317', 1, '44110 Surrey Drive', '02766 Michigan Center', '2024-03-09', 55),
(78, '2023-12-11', 'Lira Meechan', '569x363', 0, '994 Milwaukee Circle', '10599 Michigan Center', '2023-05-08', 10),
(79, '2023-09-16', 'Charita Salvatore', '854x318', 0, '20970 Rusk Street', '453 Autumn Leaf Lane', '2020-08-06', 93),
(80, '2023-09-18', 'Conrad Pymer', '11x170', 1, '5523 Manitowish Junction', '9 Monica Lane', '2019-07-03', 65),
(81, '2024-02-21', 'Winna Joannidi', '569x363', 1, '20 Golf View Alley', '61049 Donald Street', '2021-07-13', 62),
(82, '2023-12-04', 'Lyell Posselwhite', '780x317', 0, '7 Lukken Hill', '0 Old Shore Circle', '2022-10-03', 5),
(83, '2024-01-01', 'Judith Sebert', '854x318', 0, '99164 Holmberg Hill', '6988 Melody Circle', '2023-04-29', 51),
(84, '2023-12-31', 'Steffen Fontelles', '11x170', 0, '17 1st Plaza', '446 Bayside Lane', '2023-12-28', 78),
(85, '2023-08-10', 'Lem Benne', '800x684', 1, '3 Bonner Parkway', '39 Burning Wood Drive', '2024-04-11', 13),
(86, '2023-11-03', 'Parke Richard', '11x170', 0, '58 Anhalt Hill', '37 Anhalt Alley', '2021-06-14', 83),
(87, '2024-02-15', 'Almire Claworth', '780x317', 0, '19 Moose Alley', '49773 Kipling Trail', '2022-03-04', 51),
(88, '2023-12-07', 'Rosabelle Peperell', '800x684', 0, '214 John Wall Circle', '03 Service Place', '2023-07-31', 76),
(89, '2023-08-25', 'Kermit Brasier', '854x318', 1, '4 Forest Dale Junction', '6 Steensland Court', '2020-07-17', 57),
(90, '2023-08-26', 'Geoffry Haskins', '854x318', 1, '9 Dunning Parkway', '6529 Londonderry Drive', '2023-03-05', 73),
(91, '2024-01-11', 'Clint Aldins', '800x684', 0, '72699 Cordelia Avenue', '3 Hauk Hill', '2023-09-02', 8),
(92, '2024-01-06', 'Emelyne Perago', '854x318', 0, '1750 John Wall Way', '69825 Meadow Ridge Plaza', '2020-05-15', 67),
(93, '2024-01-13', 'Tadd Risman', '569x363', 1, '6 Red Cloud Avenue', '95976 Leroy Junction', '2022-04-06', 9),
(94, '2023-08-15', 'Sigrid Crowd', '800x684', 1, '0632 Thierer Court', '7 Marquette Avenue', '2023-09-27', 45),
(95, '2023-10-12', 'Emalee Crockley', '854x318', 1, '24 Kenwood Pass', '12 Carioca Trail', '2022-09-12', 73),
(96, '2024-02-22', 'Ruprecht Larcier', '780x317', 0, '80 Esker Pass', '5 Aberg Parkway', '2020-05-14', 57),
(97, '2023-12-28', 'Morrie Boullin', '780x317', 1, '228 Fairview Pass', '249 Union Avenue', '2019-07-19', 59),
(98, '2023-09-13', 'Tod De Metz', '569x363', 0, '7653 Corben Trail', '47823 Shoshone Terrace', '2023-03-04', 90),
(99, '2023-08-09', 'Dolph Woolcocks', '780x317', 1, '1 Corben Park', '8 Summerview Terrace', '2020-06-06', 76),
(100, '2023-10-12', 'Karlie Simonnot', '780x317', 1, '43398 Hintze Circle', '108 Manley Hill', '2020-01-03', 14),
(101, '2024-03-27', 'Benjie Coulman', '780x317', 1, '9 Golden Leaf Drive', '2 Hoard Point', '2021-04-24', 20),
(102, '2024-03-05', 'Lissie MacKellen', '569x363', 1, '0 High Crossing Trail', '377 Pine View Road', '2022-10-07', 92),
(103, '2024-03-21', 'Caren Hugh', '569x363', 0, '763 Rigney Drive', '38504 Forest Run Alley', '2023-05-20', 55),
(104, '2023-12-18', 'Ranna Hartle', '800x684', 1, '841 Everett Hill', '1107 Hayes Place', '2023-12-23', 44),
(105, '2023-11-16', 'Laural Farnell', '569x363', 1, '18 Scofield Junction', '12610 Dwight Trail', '2022-06-11', 85),
(106, '2023-08-10', 'Grace Cutteridge', '11x170', 0, '92875 Briar Crest Court', '8 Cascade Way', '2023-08-14', 12),
(107, '2023-11-30', 'Jane Foister', '569x363', 1, '40 Little Fleur Park', '567 Randy Road', '2021-06-25', 27),
(108, '2023-11-05', 'Christoper Draysey', '11x170', 0, '5 Briar Crest Place', '494 Waxwing Drive', '2021-10-16', 73),
(109, '2023-12-22', 'Doroteya Pead', '780x317', 1, '14586 Towne Crossing', '813 Meadow Vale Parkway', '2021-08-25', 14),
(110, '2023-08-20', 'Alexander Webbe', '800x684', 0, '143 Corscot Center', '96 Dixon Alley', '2023-06-01', 29),
(111, '2023-11-24', 'Gay Maylam', '800x684', 1, '98461 Butterfield Parkway', '79 Raven Park', '2021-12-29', 47),
(112, '2024-01-21', 'Konstantin Challiss', '780x317', 1, '7642 Dexter Avenue', '91 Sachs Park', '2021-12-12', 87),
(113, '2023-12-25', 'Rycca Malsher', '780x317', 0, '6 Northfield Road', '3 Southridge Road', '2021-02-14', 5),
(114, '2023-08-23', 'Cordi Cicchelli', '569x363', 0, '74957 Gulseth Parkway', '52302 Parkside Drive', '2023-02-06', 68),
(115, '2023-09-07', 'Truman Di Francecshi', '800x684', 1, '65 Fordem Street', '21329 Waubesa Place', '2022-01-12', 97),
(116, '2024-01-30', 'Reena Simkovich', '800x684', 1, '323 Di Loreto Avenue', '8777 Alpine Lane', '2022-03-09', 93),
(117, '2023-08-15', 'Cathy Armsby', '569x363', 0, '692 Northview Circle', '489 John Wall Road', '2023-03-22', 35),
(118, '2024-02-27', 'Kip McGarvie', '780x317', 0, '7 Saint Paul Pass', '5 Waubesa Park', '2020-03-28', 90),
(119, '2024-02-29', 'Mariann Walrond', '11x170', 0, '3047 Sundown Road', '4 Bartillon Road', '2020-08-18', 91),
(120, '2023-11-20', 'Jenine Chucks', '11x170', 0, '1205 Ridgeview Court', '005 Ruskin Terrace', '2022-11-01', 61),
(121, '2023-09-11', 'Bret Iozefovich', '800x684', 0, '385 Bluejay Pass', '975 Fulton Way', '2023-10-11', 25),
(122, '2023-08-10', 'Didi Wingatt', '11x170', 0, '7 Rowland Drive', '77260 Arrowood Street', '2020-02-08', 98),
(123, '2023-09-15', 'Rayner Brine', '780x317', 1, '062 Ridgeview Point', '8832 High Crossing Parkway', '2021-09-13', 80),
(124, '2023-08-20', 'Doralynne Jorio', '854x318', 0, '35 Coolidge Pass', '0311 Spohn Lane', '2022-01-26', 18),
(125, '2023-09-11', 'Philippine Wickwarth', '11x170', 1, '1789 Katie Point', '052 Chive Drive', '2021-08-29', 36),
(126, '2023-12-01', 'Nevins Jeacocke', '11x170', 0, '92978 Bluestem Center', '40359 Towne Avenue', '2019-07-15', 67),
(127, '2023-09-04', 'Edmon Smaridge', '780x317', 1, '471 Helena Terrace', '4043 Forster Park', '2020-09-22', 58),
(128, '2023-12-30', 'Betteanne Flear', '780x317', 1, '6 Heath Crossing', '4267 Johnson Street', '2021-02-21', 58),
(129, '2024-02-27', 'Royce Cosham', '569x363', 0, '94 Quincy Way', '8861 Pepper Wood Road', '2022-09-24', 46),
(130, '2023-09-04', 'Gunar Davidovits', '800x684', 1, '5280 Beilfuss Place', '3 Columbus Road', '2023-02-28', 55),
(131, '2024-01-18', 'Casar Innott', '11x170', 0, '55 Spaight Way', '96851 Gateway Lane', '2020-07-28', 75),
(132, '2023-11-05', 'Marcello Decaze', '800x684', 0, '4434 Ryan Trail', '15668 Victoria Trail', '2022-04-14', 66),
(133, '2023-11-05', 'Casper Lavallie', '780x317', 1, '80 Duke Terrace', '778 Merchant Junction', '2024-02-02', 43),
(134, '2023-10-15', 'Collete Wilstead', '780x317', 0, '83 Pleasure Circle', '694 Fuller Circle', '2023-03-09', 86),
(135, '2023-12-29', 'Ban Wimmer', '11x170', 1, '243 Bonner Pass', '093 Bonner Drive', '2023-12-05', 19),
(136, '2024-01-28', 'Budd Mc-Kerley', '780x317', 1, '73256 Northview Park', '32279 Miller Street', '2020-11-27', 25),
(137, '2023-08-20', 'Sonya Tidridge', '569x363', 0, '95736 Brickson Park Trail', '36 Clemons Center', '2023-11-15', 15),
(138, '2023-11-13', 'Talia Yaxley', '800x684', 0, '633 Waywood Park', '90657 Park Meadow Crossing', '2022-02-04', 1),
(139, '2023-10-03', 'El O\'Kuddyhy', '569x363', 1, '3 Cordelia Trail', '0 Erie Alley', '2023-10-05', 77),
(140, '2023-11-21', 'Olenka Vaudre', '569x363', 1, '750 Vera Park', '4 Dryden Way', '2019-11-27', 96),
(141, '2023-09-20', 'Byrle Cabane', '780x317', 0, '6 Fair Oaks Pass', '9142 Stoughton Alley', '2020-10-30', 1),
(142, '2023-08-29', 'Celestine McAtamney', '569x363', 0, '12355 Hanover Point', '794 Mesta Point', '2021-09-10', 42),
(143, '2023-09-27', 'Philis Hollibone', '569x363', 1, '670 Hovde Park', '07 Lakewood Gardens Junction', '2022-09-04', 76),
(144, '2024-01-15', 'Cam Clyant', '569x363', 0, '484 Welch Trail', '31617 Arapahoe Court', '2020-01-03', 28),
(145, '2024-02-11', 'Hildagarde Allderidge', '780x317', 0, '8374 Chinook Center', '8 Walton Road', '2021-09-12', 17),
(146, '2023-10-15', 'Kira Griffitt', '780x317', 1, '96 Clyde Gallagher Park', '6 Welch Plaza', '2020-09-13', 93),
(147, '2024-03-18', 'Enrichetta Mulhall', '800x684', 1, '81162 Johnson Court', '39 Warner Avenue', '2023-04-23', 31),
(148, '2024-02-22', 'Mort Jeandot', '780x317', 0, '26 Meadow Ridge Pass', '66 Londonderry Park', '2021-08-18', 66),
(149, '2023-12-07', 'Gardener Lingard', '569x363', 1, '370 American Junction', '2370 Burrows Court', '2019-11-29', 90),
(150, '2024-02-01', 'Sherye Crilly', '780x317', 0, '2 Lotheville Center', '5837 Macpherson Court', '2022-12-28', 60),
(151, '2024-03-28', 'Janet Hardman', '800x684', 1, '6 Division Plaza', '813 Garrison Point', '2022-09-03', 7),
(152, '2023-10-17', 'Bartholomew Lovatt', '569x363', 1, '09597 Dahle Crossing', '9 Dixon Street', '2020-10-13', 10),
(153, '2024-03-14', 'Lottie Hourican', '800x684', 0, '07748 Mayfield Point', '46 2nd Street', '2022-11-08', 7),
(154, '2024-01-01', 'Tuesday Loffhead', '569x363', 0, '228 Donald Street', '577 Forster Hill', '2023-12-27', 59),
(155, '2023-11-02', 'Selinda Kilgrew', '569x363', 0, '63996 Rigney Junction', '8734 Dorton Plaza', '2023-08-13', 31),
(156, '2023-09-29', 'Jacklyn Elsie', '569x363', 1, '702 West Road', '8 Sunnyside Way', '2022-08-17', 13),
(157, '2023-09-10', 'Melinde Trass', '569x363', 1, '3 Prairie Rose Circle', '56753 Knutson Point', '2021-03-27', 42),
(158, '2023-12-19', 'Delmer Courson', '800x684', 1, '3 Acker Hill', '863 Atwood Court', '2021-04-17', 93),
(159, '2023-11-22', 'Shawna Rosenbaum', '569x363', 1, '89 Novick Lane', '03167 Sommers Avenue', '2022-10-23', 45),
(160, '2024-01-25', 'Stevana Livzey', '800x684', 1, '8 Hansons Road', '40094 Everett Parkway', '2023-06-11', 7),
(161, '2023-11-12', 'Lenna Munden', '569x363', 0, '77 Center Point', '38574 Starling Park', '2020-08-20', 13),
(162, '2023-09-11', 'Britt Gorhardt', '11x170', 0, '26 Warner Center', '3 Mockingbird Avenue', '2020-05-23', 13),
(163, '2023-09-19', 'Orel Gulliford', '780x317', 0, '5276 Loeprich Court', '0403 Steensland Pass', '2021-07-04', 4),
(164, '2023-11-08', 'Adoree Millery', '854x318', 1, '76 Alpine Drive', '701 Anderson Way', '2024-05-01', 22),
(165, '2023-12-19', 'Ardella Iacoviello', '780x317', 1, '627 Del Sol Avenue', '159 Toban Parkway', '2024-03-08', 83),
(166, '2023-10-31', 'Tobin Swindle', '780x317', 1, '30 Ridgeview Park', '478 Gale Circle', '2022-01-24', 80),
(167, '2024-01-28', 'Norrie Bangs', '800x684', 1, '28 Porter Center', '288 Johnson Place', '2020-12-01', 61),
(168, '2024-03-05', 'Mayne Atto', '854x318', 0, '1670 Westridge Crossing', '5 Dapin Avenue', '2023-05-31', 61),
(169, '2023-09-07', 'Adriaens Roffey', '11x170', 0, '606 Mccormick Plaza', '8 Brickson Park Drive', '2020-04-17', 33),
(170, '2024-03-30', 'Melita Embra', '800x684', 0, '1 Aberg Place', '3 Shelley Parkway', '2019-07-05', 24),
(171, '2023-09-20', 'Davey Bolding', '780x317', 1, '7070 International Alley', '21 Sycamore Crossing', '2022-11-07', 28),
(172, '2024-03-19', 'Falito Andreopolos', '569x363', 0, '3 Merchant Point', '51048 Onsgard Trail', '2020-11-14', 92),
(173, '2023-08-16', 'Katharine Stirrip', '11x170', 0, '907 Norway Maple Drive', '15803 Jackson Alley', '2021-04-12', 69),
(174, '2024-02-02', 'Tanhya Dodsley', '11x170', 0, '29 Crescent Oaks Plaza', '7 Eastwood Court', '2021-10-25', 18),
(175, '2023-12-15', 'Maude Deegin', '780x317', 0, '03466 Reindahl Court', '3003 Troy Crossing', '2020-08-30', 93),
(176, '2023-11-30', 'Roz Miskelly', '800x684', 0, '05714 Sutteridge Plaza', '251 Killdeer Road', '2020-03-06', 49),
(177, '2023-12-12', 'Carma People', '11x170', 0, '560 Helena Avenue', '91287 Anhalt Street', '2023-10-18', 61),
(178, '2023-10-26', 'Fritz Belliveau', '780x317', 1, '47 Red Cloud Lane', '9 Fuller Circle', '2023-01-02', 95),
(179, '2024-02-05', 'Joanna MacSweeney', '11x170', 1, '91 Saint Paul Center', '04 Muir Center', '2023-02-23', 81),
(180, '2023-08-16', 'Irma Davydoch', '780x317', 0, '16 Marquette Place', '70622 Hazelcrest Alley', '2022-12-12', 36),
(181, '2023-08-26', 'Alberik Ambrozik', '11x170', 0, '21666 6th Lane', '26 Melvin Circle', '2022-07-27', 81),
(182, '2024-01-19', 'Vail Bruggeman', '569x363', 1, '888 Namekagon Center', '32640 Ridgeway Plaza', '2021-04-21', 25),
(183, '2023-11-12', 'Eduardo Syres', '569x363', 0, '7 Coleman Circle', '40 Fairfield Trail', '2019-09-07', 67),
(184, '2023-12-12', 'Arthur Rosenfield', '854x318', 0, '8222 Barby Court', '821 Ridgeway Street', '2020-02-24', 73),
(185, '2024-02-13', 'Irvin Vittori', '11x170', 1, '8 Buell Place', '8924 Beilfuss Parkway', '2021-06-20', 53),
(186, '2024-02-12', 'Gaspard Brownell', '780x317', 1, '84467 Buell Plaza', '4 Lighthouse Bay Place', '2021-01-28', 15),
(187, '2024-03-26', 'Antonio Mehaffey', '854x318', 1, '4007 Tony Avenue', '47 Granby Avenue', '2024-02-01', 4),
(188, '2024-01-17', 'Sanford O\'Henehan', '854x318', 0, '1 Lerdahl Terrace', '8072 Superior Plaza', '2021-10-16', 66),
(189, '2023-12-23', 'Blaine Minifie', '854x318', 0, '337 Ruskin Park', '2 Sullivan Court', '2022-09-09', 97),
(190, '2024-01-12', 'Helen-elizabeth Whiscard', '780x317', 1, '88 Sugar Street', '10 Eagan Crossing', '2020-04-15', 29),
(191, '2024-01-01', 'Eden Viste', '11x170', 1, '3155 Kingsford Parkway', '50 Old Shore Point', '2021-11-13', 79),
(192, '2024-03-07', 'Nap Sumsion', '780x317', 1, '4467 Crowley Center', '055 Oriole Drive', '2021-12-07', 21),
(193, '2023-08-14', 'Kendall Hazeley', '780x317', 0, '02 Ohio Alley', '31 Division Hill', '2023-05-20', 92),
(194, '2024-01-04', 'Briney Swindells', '11x170', 1, '821 Gina Park', '14061 Melby Road', '2022-06-19', 21),
(195, '2024-01-03', 'Muffin Bondar', '11x170', 1, '215 Tony Crossing', '759 Village Green Crossing', '2021-08-06', 45),
(196, '2024-01-01', 'Raddy Merrick', '569x363', 0, '47 Hauk Point', '2286 Mosinee Circle', '2023-04-13', 85),
(197, '2024-02-12', 'Marcelle Barthrup', '11x170', 0, '7 Hoffman Road', '186 Tomscot Lane', '2020-12-01', 73),
(198, '2023-11-14', 'Emera McTurlough', '569x363', 1, '333 Miller Crossing', '3224 Portage Trail', '2023-10-19', 79),
(199, '2024-01-30', 'Othella Durand', '11x170', 1, '27644 Chinook Way', '22974 Merchant Drive', '2019-10-19', 78),
(200, '2024-02-12', 'Michail Wheeliker', '569x363', 1, '8773 Homewood Hill', '62457 Basil Terrace', '2021-09-06', 92),
(201, '2024-03-26', 'Cory Olohan', '780x317', 0, '44904 Bunting Circle', '3 Vera Trail', '2020-06-14', 47),
(202, '2023-10-01', 'Nicolai McCane', '11x170', 0, '750 Saint Paul Plaza', '1 Pine View Pass', '2024-03-17', 21),
(203, '2024-01-15', 'Philbert Natalie', '800x684', 1, '362 High Crossing Center', '4264 Surrey Pass', '2021-05-28', 57),
(204, '2023-11-11', 'Hilarius Genn', '11x170', 0, '28 Pennsylvania Circle', '980 Jenifer Park', '2020-10-30', 53),
(205, '2023-11-11', 'Tobie McGourty', '780x317', 0, '78 Huxley Alley', '751 Rutledge Avenue', '2022-06-29', 42),
(206, '2023-11-18', 'Tiffie Yushmanov', '854x318', 1, '2842 Oakridge Crossing', '0 Anthes Street', '2022-07-31', 31),
(207, '2024-01-08', 'Mabelle Clulee', '780x317', 0, '2132 Southridge Crossing', '2 Porter Terrace', '2023-10-06', 90),
(208, '2024-03-02', 'Doloritas Nichol', '780x317', 0, '43926 Carberry Avenue', '7459 Nancy Road', '2022-09-15', 67),
(209, '2023-12-10', 'Aindrea Chinge', '780x317', 0, '7 Roxbury Lane', '86623 Crest Line Point', '2021-06-21', 18),
(210, '2024-03-08', 'Bordie Steeden', '800x684', 1, '7276 Ludington Place', '76244 Thompson Trail', '2022-07-23', 82),
(211, '2024-03-12', 'Bernadina Dionis', '11x170', 1, '7173 John Wall Plaza', '543 Bonner Place', '2021-11-09', 65),
(212, '2024-01-07', 'Benny Martensen', '11x170', 1, '42888 5th Lane', '07090 Bashford Road', '2021-01-22', 11),
(213, '2024-02-10', 'Tallie Smolan', '800x684', 0, '986 Dayton Way', '49 School Way', '2023-01-29', 55),
(214, '2023-12-11', 'Concordia Gabriel', '569x363', 1, '62019 Hagan Place', '19804 Longview Plaza', '2021-09-08', 10),
(215, '2024-03-02', 'Saree Goodger', '854x318', 1, '857 Jay Place', '1281 Atwood Road', '2023-05-19', 25),
(216, '2023-08-13', 'Iolanthe Potbury', '569x363', 1, '4 Onsgard Street', '8063 Rigney Alley', '2021-03-30', 99),
(217, '2024-03-17', 'Arden Akred', '800x684', 0, '2007 Green Ridge Street', '7686 Corben Alley', '2021-03-15', 98),
(218, '2023-09-19', 'Sergio Higounet', '800x684', 1, '9107 Birchwood Plaza', '9090 American Ash Crossing', '2020-01-27', 94),
(219, '2024-02-08', 'Ingrim Youel', '569x363', 0, '48 Cardinal Point', '8 Shopko Junction', '2021-12-01', 71),
(220, '2023-11-22', 'Manda Sloey', '800x684', 0, '111 Crescent Oaks Road', '69042 Redwing Court', '2020-06-04', 1),
(221, '2023-10-12', 'Lenore Red', '569x363', 0, '2502 Hovde Hill', '387 Sutherland Way', '2020-10-18', 67),
(222, '2024-03-02', 'Johannes Skeggs', '780x317', 1, '93396 Talisman Drive', '69 Service Lane', '2020-09-09', 88),
(223, '2023-08-17', 'Galen Matej', '800x684', 1, '781 Pepper Wood Parkway', '6886 Shoshone Alley', '2021-02-10', 60),
(224, '2023-08-07', 'Meridel Ghelardoni', '800x684', 0, '735 Kenwood Street', '1569 Bay Parkway', '2021-08-29', 54),
(225, '2023-12-21', 'Frasco Schukert', '854x318', 0, '8 Saint Paul Plaza', '5629 Crowley Street', '2024-05-15', 7),
(226, '2023-11-19', 'Arlee Climie', '854x318', 1, '86 Stang Trail', '67407 Armistice Plaza', '2022-07-08', 34),
(227, '2023-08-21', 'Lola Planque', '800x684', 1, '82470 Barby Road', '609 Kropf Plaza', '2020-04-15', 56),
(228, '2024-01-25', 'Sarge Gibling', '854x318', 0, '522 Florence Plaza', '31006 Steensland Street', '2020-06-22', 58),
(229, '2023-09-23', 'Adair Divall', '11x170', 1, '61 Hayes Place', '8467 Magdeline Street', '2021-12-10', 34),
(230, '2024-03-14', 'Glynis Sommerton', '780x317', 1, '2683 Hudson Crossing', '2571 Dexter Lane', '2019-08-27', 96),
(231, '2024-01-30', 'Angil Duggon', '854x318', 1, '644 Monterey Way', '119 Lindbergh Crossing', '2019-11-18', 6),
(232, '2023-10-11', 'Moll Pringley', '780x317', 1, '57287 Dennis Hill', '3093 Clemons Plaza', '2024-01-07', 37),
(233, '2024-02-17', 'Issiah Nice', '11x170', 0, '733 Sunfield Plaza', '85 Darwin Circle', '2023-02-15', 79),
(234, '2024-02-27', 'Morgana Danaher', '11x170', 1, '790 Warner Street', '1790 Acker Avenue', '2022-08-02', 72),
(235, '2023-10-03', 'Yard Arlt', '854x318', 1, '70 Bellgrove Terrace', '08769 Superior Terrace', '2023-05-21', 87),
(236, '2023-12-03', 'Allene Heeley', '800x684', 0, '86 Novick Park', '2 Aberg Crossing', '2023-05-04', 91),
(237, '2023-08-16', 'Flory Cracie', '11x170', 1, '0654 Fuller Junction', '4140 Glendale Terrace', '2022-12-28', 25),
(238, '2023-09-30', 'Rica Blackwood', '11x170', 1, '1 Forest Drive', '7306 Victoria Parkway', '2022-11-02', 82),
(239, '2023-10-23', 'Mercedes McQuode', '854x318', 1, '233 Longview Way', '54796 Clyde Gallagher Terrace', '2020-05-13', 16),
(240, '2023-10-14', 'Witty Ranyell', '800x684', 0, '60422 East Circle', '25790 Summerview Hill', '2024-02-15', 94),
(241, '2024-04-01', 'Dory Blitz', '854x318', 1, '41 Sundown Drive', '223 South Parkway', '2022-06-14', 28),
(242, '2023-09-23', 'Diahann Senn', '780x317', 0, '9510 Dunning Lane', '6 Basil Road', '2019-11-19', 12),
(243, '2023-11-07', 'Job McGarva', '780x317', 1, '94 Manley Plaza', '5 Mosinee Junction', '2022-11-17', 60),
(244, '2024-01-07', 'Arte Crumpe', '800x684', 0, '14 Schiller Crossing', '06 Jenna Junction', '2024-03-30', 30),
(245, '2024-02-01', 'Arvie Alstead', '11x170', 1, '5 Texas Park', '5911 Bobwhite Trail', '2023-01-05', 66),
(246, '2023-10-29', 'Amabelle Saldler', '854x318', 1, '7 Hagan Street', '5 Arkansas Crossing', '2023-07-02', 58),
(247, '2023-12-30', 'Klarika Tomaello', '569x363', 1, '778 Iowa Drive', '789 Kim Plaza', '2021-01-02', 99),
(248, '2024-02-19', 'Basia Insall', '569x363', 1, '1 Autumn Leaf Avenue', '3 Green Junction', '2021-12-22', 31),
(249, '2023-12-20', 'Daffi Glancey', '569x363', 1, '84831 Dakota Pass', '36567 Claremont Parkway', '2021-07-27', 20),
(250, '2024-03-27', 'Garrard Dell Casa', '569x363', 0, '5 Steensland Alley', '227 Morrow Parkway', '2019-09-04', 45),
(251, '2023-11-06', 'Saudra Oland', '780x317', 0, '036 Jana Street', '65 Elgar Point', '2022-10-31', 97),
(252, '2023-08-26', 'Jasmine Speaks', '780x317', 1, '8431 Mccormick Place', '34 Clemons Alley', '2023-08-21', 11),
(253, '2023-09-28', 'Fania Leynagh', '780x317', 1, '4490 Derek Pass', '54008 Nancy Drive', '2020-10-18', 95),
(254, '2024-02-01', 'Christiano McQuillen', '569x363', 1, '4 Burrows Center', '6717 Ilene Pass', '2021-11-16', 4),
(255, '2024-01-28', 'Linda Burgin', '569x363', 0, '08 Algoma Crossing', '461 Anhalt Park', '2020-03-22', 5),
(256, '2024-01-05', 'Barclay Pates', '11x170', 0, '37733 Nelson Avenue', '334 4th Plaza', '2024-02-16', 53),
(257, '2024-02-11', 'Corey Clougher', '11x170', 1, '11 Del Sol Lane', '038 Dapin Junction', '2023-09-16', 37),
(258, '2024-01-05', 'Raeann Avraam', '780x317', 0, '895 Gerald Trail', '667 Waywood Court', '2022-03-11', 100),
(259, '2024-01-05', 'Marion Lashmore', '569x363', 1, '135 Warbler Center', '8537 Gina Way', '2022-10-29', 70),
(260, '2023-09-24', 'Hildagarde Ravenscroft', '11x170', 0, '228 Veith Street', '89 Waywood Terrace', '2023-09-08', 59),
(261, '2023-08-10', 'Ruth Leavold', '569x363', 0, '653 Talisman Crossing', '8224 Dorton Lane', '2023-08-13', 78),
(262, '2023-09-04', 'Lia Qusklay', '780x317', 0, '873 Raven Circle', '50 Forest Run Trail', '2020-10-20', 29),
(263, '2023-09-10', 'Mario Janoschek', '800x684', 0, '89980 Daystar Terrace', '515 Scofield Center', '2020-05-29', 48),
(264, '2024-02-26', 'Shina Rollo', '11x170', 1, '54715 Wayridge Trail', '676 Grayhawk Hill', '2020-10-15', 48),
(265, '2023-12-09', 'Susana Avraham', '569x363', 1, '0357 Pawling Alley', '7151 Hauk Street', '2022-09-17', 8),
(266, '2023-08-27', 'Atlanta Bright', '569x363', 0, '767 Montana Trail', '71 Bluestem Avenue', '2021-11-05', 54),
(267, '2024-01-20', 'Ericka Tocknell', '854x318', 0, '3 Saint Paul Crossing', '99 Derek Alley', '2019-07-27', 33),
(268, '2023-08-22', 'Diarmid Oller', '569x363', 0, '12 Saint Paul Street', '07548 Declaration Circle', '2021-08-14', 75),
(269, '2023-09-16', 'Tyson Blasio', '780x317', 1, '7 Muir Center', '263 Weeping Birch Circle', '2019-07-14', 20),
(270, '2024-03-08', 'Herminia Tye', '800x684', 0, '3 Shoshone Hill', '8 Prairie Rose Point', '2021-07-06', 9),
(271, '2024-03-20', 'Stanislas Tulip', '780x317', 1, '1354 Morningstar Trail', '68 Sullivan Point', '2021-02-09', 39),
(272, '2023-12-28', 'Killy Audas', '780x317', 1, '34654 Bunting Hill', '94941 Moose Crossing', '2023-08-21', 35),
(273, '2024-03-09', 'Liana Jizhaki', '854x318', 0, '88345 Carioca Avenue', '26 Algoma Junction', '2019-10-13', 51),
(274, '2024-01-24', 'Erek Leindecker', '854x318', 1, '08715 Doe Crossing Lane', '01 Bobwhite Parkway', '2022-05-16', 43),
(275, '2023-10-08', 'Karlik Eskriet', '569x363', 0, '4214 Messerschmidt Crossing', '24 Sage Pass', '2023-01-28', 9),
(276, '2023-11-23', 'Darbie Hubert', '800x684', 0, '5953 Acker Lane', '5737 Melvin Crossing', '2023-10-28', 59),
(277, '2023-12-05', 'Diandra Aldham', '854x318', 0, '189 Kingsford Junction', '89918 Mendota Pass', '2024-02-13', 23),
(278, '2023-09-22', 'Aluin Sturley', '854x318', 0, '8 Hollow Ridge Drive', '05 Stang Place', '2021-01-19', 57),
(279, '2023-09-11', 'Remy Hanrott', '11x170', 0, '53 Shoshone Hill', '63238 Helena Plaza', '2023-03-23', 67),
(280, '2024-03-09', 'Adair Sizzey', '854x318', 1, '45 Colorado Drive', '874 Monterey Road', '2021-08-08', 16),
(281, '2023-10-17', 'Tara Delve', '11x170', 0, '57974 Bluejay Avenue', '045 Menomonie Point', '2021-02-25', 91),
(282, '2023-09-09', 'Velvet Stobbie', '780x317', 0, '775 Muir Court', '803 Jay Place', '2024-04-03', 40),
(283, '2024-03-08', 'Duke Holbarrow', '11x170', 0, '47 Stang Terrace', '54 Sachs Park', '2023-06-01', 32),
(284, '2023-09-14', 'Lisabeth Tidridge', '854x318', 0, '72060 Southridge Point', '45 Haas Center', '2020-09-30', 26),
(285, '2023-09-27', 'Lorry Mattea', '780x317', 1, '77976 Mallory Drive', '6 Oak Street', '2022-03-06', 77),
(286, '2023-11-28', 'Rayna Herreros', '780x317', 1, '6815 Thierer Pass', '86128 Loftsgordon Terrace', '2019-10-07', 75),
(287, '2024-02-20', 'Mirilla Fishpool', '854x318', 1, '674 Jana Place', '1759 Fieldstone Place', '2020-06-07', 98),
(288, '2023-11-21', 'Elias Dorrington', '569x363', 1, '032 Doe Crossing Avenue', '6 Eggendart Lane', '2021-07-12', 40),
(289, '2024-02-17', 'Ruthe Ekins', '780x317', 0, '1385 Drewry Center', '409 Hudson Pass', '2023-05-31', 8),
(290, '2023-09-06', 'Lesley Ronaldson', '780x317', 1, '8 Sundown Lane', '9 Pleasure Junction', '2019-07-09', 93),
(291, '2024-02-18', 'Becki Rourke', '11x170', 0, '5453 Dennis Place', '503 Hoffman Road', '2020-06-13', 26),
(292, '2023-09-29', 'Kari Beagin', '569x363', 0, '39 Schlimgen Hill', '4 Delaware Pass', '2021-06-18', 38),
(293, '2023-10-04', 'Ira McColgan', '780x317', 1, '46834 Center Way', '43 School Trail', '2024-01-03', 50),
(294, '2023-12-27', 'Isador Nattrass', '11x170', 0, '633 Daystar Junction', '33841 Mifflin Terrace', '2022-05-25', 59),
(295, '2023-10-13', 'Broddy Sainter', '800x684', 0, '8 Dayton Lane', '32 Crest Line Point', '2021-11-26', 50),
(296, '2023-09-23', 'Fania Itzkovici', '780x317', 0, '26210 Harbort Terrace', '244 Westridge Lane', '2020-05-20', 80),
(297, '2023-08-24', 'Carmencita Land', '569x363', 0, '4 Manufacturers Hill', '35688 Artisan Center', '2023-12-29', 83),
(298, '2023-10-26', 'Mark Rickerby', '854x318', 0, '361 Mayer Terrace', '8 Forest Avenue', '2020-07-17', 67),
(299, '2024-01-09', 'Christina Millington', '11x170', 0, '76470 Scott Park', '886 Banding Alley', '2023-07-14', 30),
(300, '2023-11-05', 'Sybil Scrafton', '800x684', 1, '75 Charing Cross Plaza', '39987 Duke Terrace', '2021-09-30', 9),
(301, '2023-09-15', 'Selby Brattell', '854x318', 1, '99 Saint Paul Parkway', '191 Lillian Avenue', '2022-06-23', 66),
(302, '2023-11-12', 'Shelia Minette', '800x684', 1, '453 Raven Trail', '31003 Ronald Regan Park', '2022-01-08', 57),
(303, '2023-12-07', 'Jess Kleanthous', '854x318', 1, '30567 Towne Circle', '16 Clarendon Road', '2020-03-04', 27),
(304, '2024-02-24', 'Wyndham Hughlock', '780x317', 1, '544 Merrick Trail', '70 Prentice Point', '2023-04-06', 72),
(305, '2024-03-16', 'Vladamir Tregian', '11x170', 0, '1391 6th Terrace', '516 Orin Pass', '2020-02-01', 10),
(306, '2024-03-13', 'Michelle Pitt', '11x170', 1, '084 Huxley Point', '3 Caliangt Point', '2021-09-11', 21),
(307, '2023-12-31', 'Karry Noteyoung', '780x317', 0, '9 Delaware Lane', '68656 Straubel Court', '2022-08-02', 47),
(308, '2023-12-13', 'Gilda Simes', '11x170', 0, '90 Macpherson Terrace', '9811 Del Sol Trail', '2022-06-29', 29),
(309, '2023-10-18', 'Abigale Snead', '11x170', 1, '56 Briar Crest Center', '6 Hollow Ridge Court', '2021-06-19', 68),
(310, '2024-03-24', 'Serene Bladen', '569x363', 0, '9 Sherman Trail', '77 Longview Court', '2019-12-25', 81),
(311, '2023-09-02', 'Lion Lesser', '11x170', 1, '84800 Old Shore Trail', '47784 Esch Plaza', '2023-11-19', 11),
(312, '2023-10-02', 'Maudie Crocetto', '854x318', 1, '16186 Monica Circle', '7777 Scott Way', '2019-09-06', 46),
(313, '2024-02-16', 'Dianne Gilfoy', '854x318', 0, '82 Hoffman Way', '28 Surrey Terrace', '2023-04-18', 16),
(314, '2024-02-14', 'Valera McIntosh', '780x317', 1, '8313 Clemons Parkway', '11063 Russell Street', '2023-04-11', 10),
(315, '2023-08-20', 'Brewer Leynham', '854x318', 1, '0227 Melrose Plaza', '9129 Summit Alley', '2021-12-04', 61),
(316, '2023-08-14', 'Zaccaria Bernuzzi', '854x318', 1, '87129 Rieder Pass', '826 Tennessee Circle', '2020-10-12', 26),
(317, '2023-09-17', 'Charmine Longstaff', '800x684', 0, '83327 Drewry Lane', '4 Barnett Street', '2024-04-06', 30),
(318, '2024-01-31', 'Fanchon Jerson', '780x317', 0, '2 Mendota Junction', '27 Dakota Drive', '2021-03-06', 3),
(319, '2024-01-23', 'Celestia Kippax', '800x684', 1, '57785 Lakeland Drive', '43 Farwell Hill', '2023-09-20', 24),
(320, '2023-10-15', 'Pauletta Girardez', '780x317', 1, '8 Hanson Drive', '194 Sunfield Crossing', '2020-10-22', 8),
(321, '2024-01-19', 'Sammy Corcut', '780x317', 0, '5368 Goodland Alley', '8187 Victoria Court', '2022-08-28', 44),
(322, '2023-09-12', 'Jerrilee Hamm', '780x317', 1, '5220 Grasskamp Parkway', '3 Declaration Place', '2024-01-27', 42),
(323, '2024-03-21', 'Justine Salvati', '569x363', 0, '88845 Scott Center', '9561 Pepper Wood Crossing', '2023-10-26', 40),
(324, '2023-11-03', 'Kelly Mitrovic', '11x170', 1, '45596 Scofield Parkway', '687 Sherman Drive', '2020-09-11', 47),
(325, '2024-03-16', 'Levy MacAscaidh', '569x363', 1, '2 Arrowood Drive', '95026 Veith Plaza', '2019-07-08', 56),
(326, '2024-01-14', 'Antone Peppett', '854x318', 1, '3 Michigan Plaza', '9572 Golden Leaf Street', '2021-11-04', 73),
(327, '2023-11-17', 'Aurore Freckelton', '800x684', 0, '21 Pankratz Terrace', '3 Goodland Crossing', '2023-10-22', 94),
(328, '2024-02-10', 'Johannes Congrave', '780x317', 0, '02131 Fremont Junction', '9488 Caliangt Avenue', '2019-10-13', 18),
(329, '2024-01-11', 'Jaquenetta Schutte', '569x363', 1, '1 Lakewood Plaza', '2478 Northwestern Lane', '2024-03-14', 50),
(330, '2023-10-02', 'Clemente Stute', '11x170', 0, '2209 Oriole Trail', '77253 Larry Circle', '2023-08-20', 18),
(331, '2024-01-28', 'Fin Ronayne', '780x317', 0, '214 Messerschmidt Center', '53 Barby Crossing', '2019-10-18', 13),
(332, '2023-09-02', 'Zebadiah Pastor', '780x317', 0, '67 Huxley Trail', '170 Loftsgordon Terrace', '2022-05-31', 46),
(333, '2023-12-17', 'Ardene Bembrigg', '780x317', 1, '648 Gulseth Court', '4647 Porter Drive', '2023-06-19', 82),
(334, '2023-12-20', 'Ilsa Bernadon', '854x318', 1, '30 Raven Court', '7 Packers Crossing', '2022-01-18', 87),
(335, '2023-08-27', 'Domini Rookledge', '780x317', 1, '4774 Haas Place', '01598 Oak Valley Court', '2021-03-21', 20),
(336, '2023-12-05', 'Yanaton Headington', '569x363', 1, '88035 Golf Course Drive', '4957 Toban Trail', '2022-08-11', 90),
(337, '2024-03-07', 'Konstantin Keegan', '569x363', 1, '19 Buell Court', '15128 Gale Way', '2022-10-25', 87),
(338, '2023-08-21', 'Ethelind Killingbeck', '11x170', 1, '8884 Miller Trail', '267 Stephen Lane', '2020-02-12', 15),
(339, '2023-08-20', 'Angelika Dietsche', '569x363', 1, '2 Anniversary Drive', '1749 Continental Circle', '2022-10-15', 47),
(340, '2024-03-17', 'Christoper Fearnehough', '854x318', 1, '3 Monterey Alley', '7292 Straubel Trail', '2019-09-10', 18),
(341, '2023-08-18', 'Doroteya Worsham', '780x317', 1, '05 Anzinger Place', '9 Tony Street', '2022-10-18', 58),
(342, '2023-09-20', 'Lutero Witchard', '11x170', 0, '831 Garrison Plaza', '15815 Artisan Place', '2023-10-09', 41),
(343, '2024-01-20', 'Carrie Sodo', '854x318', 0, '4 Bartelt Point', '398 School Place', '2020-01-01', 52),
(344, '2023-11-13', 'Estrella Loines', '11x170', 0, '573 Nancy Crossing', '4700 Lyons Road', '2021-12-18', 85),
(345, '2023-10-28', 'Gena Leverett', '800x684', 0, '5 Derek Place', '91839 Clemons Way', '2023-06-05', 95),
(346, '2023-10-23', 'Alyce Tidder', '569x363', 1, '191 Shoshone Road', '5 Chinook Drive', '2021-04-23', 83),
(347, '2024-01-16', 'Rosemaria Soppett', '780x317', 0, '683 Calypso Avenue', '07465 Jenna Court', '2021-03-03', 52),
(348, '2024-02-10', 'Nikolas Paulig', '854x318', 0, '6438 Warrior Road', '54800 Bashford Terrace', '2021-06-27', 75),
(349, '2023-08-23', 'Rafaelia De Minico', '800x684', 1, '6 Colorado Circle', '696 Arkansas Park', '2023-06-19', 54),
(350, '2023-11-01', 'Leroy Fenge', '569x363', 0, '05 Graedel Trail', '5242 Wayridge Parkway', '2020-02-20', 10),
(351, '2023-10-08', 'Currey Otley', '11x170', 1, '2 Starling Lane', '5962 Northview Trail', '2021-03-14', 22),
(352, '2024-03-05', 'Bari Birkmyr', '780x317', 0, '2407 Kings Court', '69727 Kropf Point', '2020-03-28', 54),
(353, '2023-10-04', 'Stearn Twigge', '11x170', 1, '4 Havey Trail', '5879 Blaine Lane', '2021-08-21', 53),
(354, '2024-03-17', 'Pennie Blood', '11x170', 0, '70 Holmberg Junction', '89703 Barby Park', '2023-06-06', 39),
(355, '2024-03-16', 'Markus Broszkiewicz', '569x363', 0, '55234 Eastlawn Point', '77043 Cascade Point', '2023-05-19', 47),
(356, '2023-10-26', 'Nevins Gillie', '854x318', 1, '3 Bowman Plaza', '991 Forest Place', '2020-02-09', 88),
(357, '2024-03-21', 'Dorothea Flowith', '11x170', 0, '5 Red Cloud Road', '373 Raven Parkway', '2020-11-26', 55),
(358, '2023-11-20', 'Alta Douse', '800x684', 1, '4350 Glacier Hill Way', '7 Steensland Hill', '2019-10-13', 34),
(359, '2023-10-22', 'Honor Bulch', '11x170', 1, '3491 Manley Center', '11998 Pond Park', '2021-10-10', 69),
(360, '2024-03-11', 'Inger Flowerdew', '800x684', 0, '59 Northwestern Terrace', '378 Transport Drive', '2019-09-09', 65),
(361, '2023-12-24', 'Judith Ruddom', '854x318', 1, '29 Chinook Place', '0 Graedel Parkway', '2024-02-07', 71),
(362, '2023-10-06', 'Alexine Padrick', '854x318', 1, '06 Laurel Circle', '021 Melvin Road', '2021-07-29', 40),
(363, '2024-03-24', 'Florie Ipgrave', '800x684', 1, '426 Warrior Drive', '3 3rd Junction', '2019-07-15', 6),
(364, '2023-12-05', 'Babbette Botwright', '780x317', 0, '44222 Brickson Park Alley', '22892 Artisan Lane', '2020-10-08', 54),
(365, '2023-09-04', 'Sibyl O\'Clery', '780x317', 1, '46904 Bobwhite Hill', '3 Artisan Pass', '2020-12-20', 53),
(366, '2024-01-02', 'Florentia Diss', '854x318', 1, '45887 Londonderry Street', '937 Sycamore Street', '2022-03-05', 18),
(367, '2023-08-30', 'Crystal Lis', '800x684', 1, '6178 School Circle', '6972 Warrior Drive', '2023-03-23', 19),
(368, '2023-12-08', 'Ferrel Kobpa', '780x317', 0, '2345 Duke Way', '778 Hanover Park', '2022-03-29', 49),
(369, '2024-02-23', 'Salomi Burless', '800x684', 0, '65 Corben Street', '397 Anzinger Trail', '2023-01-14', 24),
(370, '2023-12-18', 'Udell Haysman', '11x170', 0, '4 Arrowood Road', '55 Kings Trail', '2024-03-24', 5),
(371, '2023-09-27', 'Lorettalorna Surgen', '854x318', 0, '7 Lerdahl Plaza', '10388 Miller Road', '2022-07-25', 54),
(372, '2024-01-06', 'Trude Rotlauf', '780x317', 0, '2153 Crownhardt Parkway', '393 Heath Street', '2021-05-03', 30),
(373, '2024-03-23', 'Carmel Setterfield', '569x363', 1, '2 Clove Circle', '87 Almo Terrace', '2021-10-02', 3),
(374, '2024-03-31', 'Karia Hamsson', '854x318', 1, '5148 Caliangt Way', '75 Alpine Terrace', '2023-06-02', 9),
(375, '2023-10-19', 'Shirline Welldrake', '11x170', 1, '8030 Anniversary Avenue', '0001 Westerfield Pass', '2021-04-27', 23),
(376, '2023-09-27', 'Gipsy Oldfield-Cherry', '780x317', 0, '15224 Kipling Crossing', '8 Eastlawn Lane', '2021-11-03', 66),
(377, '2023-11-12', 'Ingar Borgnol', '780x317', 1, '5 Fairfield Crossing', '523 Straubel Circle', '2023-12-31', 52),
(378, '2023-08-16', 'Valma Kettlesing', '780x317', 0, '5 Coleman Street', '44074 Corscot Crossing', '2022-10-30', 87),
(379, '2023-11-09', 'Elonore Cleevely', '11x170', 0, '8 Mallory Park', '15 Loomis Drive', '2024-03-29', 68),
(380, '2024-02-26', 'Keen Burbank', '800x684', 0, '3983 7th Road', '05 Warbler Circle', '2019-10-13', 97),
(381, '2023-09-09', 'Bernardine Marler', '854x318', 1, '77 Farragut Terrace', '8431 Logan Parkway', '2021-10-28', 96),
(382, '2023-08-30', 'Cassius Swapp', '780x317', 0, '6 Columbus Center', '0550 Grasskamp Plaza', '2022-04-27', 26),
(383, '2023-11-04', 'Zea Dorie', '854x318', 0, '15218 Saint Paul Center', '91543 Grover Drive', '2022-03-24', 70),
(384, '2023-12-14', 'Ingram Heaseman', '569x363', 1, '37 Spaight Alley', '41196 Blue Bill Park Pass', '2019-12-05', 71),
(385, '2024-01-04', 'Ericha Coghlan', '854x318', 1, '36 International Circle', '988 Hermina Center', '2020-06-03', 53),
(386, '2024-03-30', 'Merrili Portt', '11x170', 0, '969 Killdeer Center', '20 2nd Center', '2019-09-11', 25),
(387, '2024-02-04', 'Karyl Bowcock', '854x318', 1, '27 Dakota Place', '28 Glendale Circle', '2021-11-29', 82),
(388, '2023-10-08', 'Myrtle Bangs', '854x318', 1, '3 3rd Place', '41591 Dawn Alley', '2020-01-01', 64),
(389, '2024-03-13', 'Efrem Ripping', '800x684', 1, '05939 West Court', '1 Logan Parkway', '2019-09-05', 69),
(390, '2024-03-11', 'Brodie Neising', '569x363', 1, '67973 Summer Ridge Road', '4 Hovde Drive', '2024-03-12', 81),
(391, '2023-12-18', 'Missy Middleton', '11x170', 0, '44 Heffernan Parkway', '4400 Helena Plaza', '2019-11-18', 10),
(392, '2023-12-13', 'Binky Godber', '854x318', 1, '1 Donald Way', '60826 Golf Course Park', '2022-02-26', 23),
(393, '2024-01-21', 'Gill Kohler', '569x363', 0, '75 Acker Street', '556 Orin Pass', '2020-12-13', 68),
(394, '2023-12-24', 'Raeann Wilfinger', '780x317', 1, '78 Holy Cross Junction', '40 Clove Court', '2021-01-02', 49),
(395, '2023-12-04', 'Sherye Shortt', '11x170', 1, '608 Cody Pass', '04447 Algoma Trail', '2019-09-14', 34),
(396, '2024-03-01', 'Peta Payze', '854x318', 1, '0 Delladonna Pass', '6827 Barby Center', '2022-03-16', 19),
(397, '2023-11-04', 'Fern Conville', '780x317', 0, '057 Eliot Center', '06 Larry Circle', '2020-03-05', 46),
(398, '2023-11-11', 'Morganne McGiff', '800x684', 0, '366 Scott Pass', '889 Jenna Court', '2021-11-19', 49),
(399, '2024-03-05', 'Bowie Piggens', '854x318', 1, '03 Gateway Plaza', '9604 Brown Way', '2022-07-19', 40),
(400, '2024-03-06', 'Morrie Skitteral', '780x317', 1, '239 Maywood Hill', '57562 Del Sol Terrace', '2020-05-25', 72),
(401, '2024-02-10', 'Savina Vigne', '11x170', 0, '709 Di Loreto Hill', '8230 Holy Cross Way', '2019-10-03', 1),
(402, '2024-03-10', 'Ines Carlucci', '780x317', 1, '6561 Eastlawn Center', '37477 Nova Center', '2024-03-14', 68),
(403, '2023-08-20', 'Gawen Rosenhaus', '780x317', 1, '86850 Elmside Terrace', '2 Heath Junction', '2023-04-06', 92),
(404, '2023-08-30', 'Sim Lates', '780x317', 1, '03 Killdeer Center', '09830 Knutson Terrace', '2020-06-23', 14),
(405, '2024-03-09', 'Cammie Pollington', '854x318', 1, '0 Emmet Place', '028 Grayhawk Pass', '2020-08-11', 72),
(406, '2024-02-08', 'El Edmonston', '854x318', 0, '3902 Luster Plaza', '65687 Vernon Alley', '2022-12-16', 33),
(407, '2023-12-26', 'Carissa Aveson', '569x363', 1, '4967 Mandrake Center', '4 Luster Avenue', '2019-11-29', 34),
(408, '2023-08-26', 'Bear Petrovykh', '800x684', 0, '1162 Oriole Park', '214 Ridgeway Plaza', '2023-04-30', 74),
(409, '2023-12-22', 'Bailey Verbeek', '854x318', 0, '19 Crescent Oaks Court', '793 Carberry Crossing', '2022-03-01', 79),
(410, '2024-03-14', 'Catharine Schaben', '11x170', 0, '77859 Pleasure Crossing', '58 Darwin Center', '2021-04-23', 17),
(411, '2023-10-24', 'Felicia Towey', '800x684', 0, '784 Continental Way', '8 Hazelcrest Junction', '2021-12-27', 10),
(412, '2024-02-11', 'Raven Pethrick', '854x318', 0, '25 Continental Junction', '1 Bunting Parkway', '2022-09-22', 91),
(413, '2024-03-03', 'Georgette Satterlee', '780x317', 0, '3 Weeping Birch Park', '44 Hayes Alley', '2019-09-16', 40),
(414, '2023-10-16', 'Deerdre Doorly', '854x318', 0, '1 Brown Junction', '505 Killdeer Pass', '2022-06-02', 99),
(415, '2023-09-19', 'Randall Pedrielli', '800x684', 0, '9317 Cottonwood Drive', '5975 Coolidge Lane', '2022-06-03', 28),
(416, '2023-11-09', 'Heda Balcon', '11x170', 0, '52 Toban Center', '7794 Stephen Terrace', '2024-02-08', 95),
(417, '2023-10-18', 'Trevor Alsop', '569x363', 1, '7100 Artisan Plaza', '77 Rieder Street', '2021-09-08', 16),
(418, '2023-12-20', 'Heda Cossor', '854x318', 1, '54 Killdeer Crossing', '8 Claremont Park', '2023-04-27', 39),
(419, '2024-03-17', 'Phillipp Troucher', '11x170', 0, '29550 Londonderry Terrace', '0 Village Place', '2020-11-10', 26),
(420, '2023-09-11', 'Currey De Goey', '854x318', 1, '7 Caliangt Court', '03518 Hauk Alley', '2019-07-23', 27),
(421, '2023-10-15', 'Sisile Weald', '780x317', 0, '6 Dunning Trail', '10 Pawling Junction', '2023-09-05', 49),
(422, '2024-03-09', 'Marybelle Meighan', '854x318', 1, '80 Johnson Point', '354 Redwing Road', '2024-03-13', 85),
(423, '2023-10-11', 'Thornton Siccombe', '780x317', 1, '4322 Pond Terrace', '14629 Gateway Terrace', '2024-05-05', 52),
(424, '2024-03-09', 'Lorraine Splaven', '11x170', 1, '56 Pine View Street', '86431 Carioca Terrace', '2022-07-22', 15),
(425, '2024-02-18', 'Nicole Hellmore', '854x318', 0, '7723 Sage Pass', '83000 Sachtjen Parkway', '2021-11-06', 39),
(426, '2023-11-04', 'Burl Hoffmann', '780x317', 1, '243 Waubesa Pass', '71172 Aberg Lane', '2021-11-29', 28),
(427, '2024-03-02', 'Nikki Pfertner', '800x684', 1, '7774 Onsgard Junction', '99 Clarendon Parkway', '2023-06-10', 65),
(428, '2023-11-07', 'Noby Dally', '800x684', 1, '49 Summerview Road', '22553 Forest Dale Junction', '2020-04-01', 3),
(429, '2024-02-08', 'Bartram Sipson', '780x317', 1, '294 Jenifer Way', '494 Ruskin Drive', '2023-11-21', 30),
(430, '2024-01-21', 'Cecilius Poate', '854x318', 0, '3 Grim Trail', '072 Forest Trail', '2020-05-21', 64),
(431, '2024-01-11', 'Skipp Jessop', '569x363', 0, '8 Victoria Avenue', '8265 Michigan Park', '2021-01-07', 36),
(432, '2023-10-30', 'Malinde Newcomen', '780x317', 0, '87797 Loeprich Center', '3680 Hooker Road', '2023-09-29', 79),
(433, '2024-03-21', 'Merrill Currum', '800x684', 1, '6 Paget Court', '71 Birchwood Court', '2022-09-09', 28),
(434, '2024-01-07', 'Carlin Wadelin', '11x170', 1, '148 Westport Alley', '045 Holmberg Pass', '2019-08-26', 86),
(435, '2024-02-25', 'Lowe Lillicrop', '780x317', 1, '110 Bunker Hill Parkway', '134 Mitchell Drive', '2023-11-11', 41),
(436, '2024-01-16', 'Alleen Cousans', '854x318', 1, '21 Longview Way', '847 Graedel Pass', '2020-11-08', 37),
(437, '2023-12-15', 'Nanice Campos', '11x170', 0, '72 Carpenter Trail', '51 Dixon Terrace', '2022-03-04', 93),
(438, '2023-09-13', 'Vern Sherington', '569x363', 0, '5627 Northwestern Park', '07621 Heffernan Way', '2020-07-21', 33),
(439, '2023-08-16', 'Sharyl Shardlow', '569x363', 1, '36 Cody Crossing', '09 Dixon Way', '2021-10-07', 32),
(440, '2024-02-28', 'Allyn Jobbings', '569x363', 1, '23 Superior Hill', '5923 Mesta Pass', '2022-08-28', 72),
(441, '2023-08-25', 'Judas Royall', '854x318', 1, '401 Hintze Trail', '8 Crescent Oaks Place', '2021-01-08', 92),
(442, '2023-12-24', 'Federica Belford', '854x318', 0, '1 Colorado Alley', '1471 Nova Parkway', '2022-01-22', 93),
(443, '2023-12-20', 'Kearney Peepall', '780x317', 0, '332 Sloan Terrace', '185 Glendale Avenue', '2022-03-21', 3),
(444, '2024-03-12', 'Nettle Studd', '854x318', 1, '19449 Northfield Road', '15 Arkansas Hill', '2021-08-02', 12),
(445, '2024-01-22', 'Alair Zecchini', '569x363', 1, '000 Darwin Lane', '6 Riverside Court', '2022-11-30', 88);
INSERT INTO `Pakete_Historiala` (`id`, `entrega_egin_beharreko_data`, `hartzailea`, `dimensioak`, `hauskorra`, `helburua`, `jatorria`, `entregatze_data`, `Banatzailea_id`) VALUES
(446, '2023-10-27', 'Kirstyn Brendish', '569x363', 1, '5102 Longview Circle', '2538 Laurel Junction', '2022-05-18', 82),
(447, '2023-12-03', 'Mel Doone', '854x318', 1, '63 Sutherland Hill', '290 Fordem Avenue', '2020-12-09', 79),
(448, '2023-09-12', 'Tamera Sandwith', '780x317', 1, '78 Riverside Circle', '1637 Cody Alley', '2021-10-31', 68),
(449, '2023-11-21', 'Read Cardello', '800x684', 0, '2 6th Alley', '07740 Independence Junction', '2021-04-15', 46),
(450, '2023-09-13', 'Louie Coxwell', '11x170', 0, '32279 Rockefeller Avenue', '5337 Holy Cross Hill', '2022-05-27', 69),
(451, '2024-02-07', 'Vernor Schonfelder', '800x684', 1, '47 Pankratz Point', '4156 Bashford Circle', '2021-02-19', 57),
(452, '2023-10-04', 'Katinka Hinchcliffe', '800x684', 1, '494 8th Way', '40065 Darwin Junction', '2019-08-22', 22),
(453, '2023-12-12', 'Karisa Hardisty', '780x317', 0, '57000 Esker Street', '8 Manley Park', '2020-12-20', 78),
(454, '2023-09-22', 'Loren Jedras', '569x363', 1, '593 Dovetail Trail', '8865 Washington Terrace', '2022-10-19', 61),
(455, '2023-09-02', 'Kyle Athersmith', '780x317', 1, '37143 Mockingbird Parkway', '856 Fisk Circle', '2022-03-09', 13),
(456, '2023-11-12', 'Esteban Fludgate', '854x318', 0, '4 Fairfield Hill', '533 Badeau Circle', '2023-03-19', 6),
(457, '2023-10-16', 'Thornie Lowes', '800x684', 0, '12241 Little Fleur Trail', '20253 Del Mar Circle', '2019-11-23', 46),
(458, '2024-02-07', 'Kilian Dugood', '11x170', 0, '097 Shasta Terrace', '420 Anzinger Street', '2023-03-28', 70),
(459, '2024-01-15', 'Star Stickel', '854x318', 0, '8864 Jackson Trail', '6 Shopko Lane', '2023-02-15', 41),
(460, '2024-01-15', 'Laverne Comer', '569x363', 1, '62 Northfield Center', '7 Fordem Crossing', '2022-02-01', 46),
(461, '2024-01-19', 'Flore Samsworth', '854x318', 0, '101 Center Point', '71323 Kropf Lane', '2021-07-24', 38),
(462, '2023-10-31', 'Winfield Chesshire', '569x363', 1, '5 Hagan Avenue', '52 Brentwood Lane', '2023-07-27', 91),
(463, '2023-08-24', 'Garik Millmoe', '800x684', 0, '0 Northridge Pass', '38592 Bonner Court', '2022-07-01', 68),
(464, '2023-08-30', 'Jodi De Zuani', '800x684', 1, '0 Chive Terrace', '1 Scoville Circle', '2023-12-14', 78),
(465, '2024-01-19', 'Elsi Steet', '11x170', 0, '56297 Birchwood Alley', '866 Merchant Junction', '2024-04-03', 49),
(466, '2023-11-25', 'Forrester Martinolli', '800x684', 1, '6594 Schiller Avenue', '42469 Corry Center', '2021-12-09', 70),
(467, '2023-09-03', 'Bone Gainsborough', '11x170', 0, '72 Dakota Parkway', '764 High Crossing Center', '2023-07-01', 91),
(468, '2024-01-11', 'Natalie Langan', '569x363', 0, '30 Quincy Parkway', '74982 Summerview Circle', '2021-09-15', 26),
(469, '2023-08-11', 'Barbara Biglin', '854x318', 1, '940 Loftsgordon Alley', '2065 Dapin Center', '2021-12-21', 79),
(470, '2024-01-08', 'Pammi Kensall', '800x684', 0, '4 Wayridge Junction', '0430 Cody Terrace', '2020-07-12', 49),
(471, '2023-08-20', 'Audie Wadwell', '800x684', 1, '02 Utah Pass', '7 Butternut Avenue', '2019-07-03', 100),
(472, '2023-08-14', 'Cyndia Millican', '569x363', 1, '01 Bunker Hill Park', '1758 Moose Road', '2020-03-19', 50),
(473, '2023-09-21', 'Pat McCombe', '854x318', 0, '3 Hudson Court', '2741 Thierer Place', '2023-12-07', 51),
(474, '2023-09-06', 'Alena Usher', '780x317', 1, '0 Hudson Place', '3142 Bultman Court', '2022-09-07', 44),
(475, '2023-08-21', 'Gottfried Rubinfeld', '854x318', 0, '8765 Claremont Trail', '983 Darwin Lane', '2019-07-20', 80),
(476, '2023-11-21', 'Quincy Stollenbeck', '780x317', 0, '77 Parkside Terrace', '1401 3rd Alley', '2022-03-25', 67),
(477, '2023-12-08', 'Babara Dankersley', '11x170', 0, '56 Westport Point', '9538 Glacier Hill Alley', '2020-06-25', 14),
(478, '2023-10-24', 'Rhody Ledram', '780x317', 0, '66 East Trail', '11 Butternut Trail', '2024-03-09', 33),
(479, '2024-01-02', 'Barnett Lago', '11x170', 0, '0485 Annamark Center', '5 Ridgeview Point', '2021-03-04', 83),
(480, '2023-08-10', 'Belicia Stuttard', '854x318', 1, '6 Arkansas Road', '3636 Debs Street', '2023-08-05', 35),
(481, '2023-12-07', 'Hamilton Burnyate', '800x684', 0, '9 Havey Plaza', '9907 Clemons Junction', '2023-11-28', 77),
(482, '2023-09-11', 'Tabatha Glendzer', '780x317', 0, '49110 Algoma Alley', '6 Waxwing Junction', '2019-09-12', 88),
(483, '2023-10-31', 'Claudius Trethewey', '569x363', 1, '26545 Anhalt Point', '66312 Butternut Drive', '2023-01-16', 46),
(484, '2023-09-03', 'Kimberlee Rockwell', '800x684', 1, '720 Stone Corner Road', '518 Summer Ridge Hill', '2023-03-13', 47),
(485, '2024-02-22', 'Alwin Faichney', '11x170', 1, '6 Redwing Place', '4 Debs Trail', '2023-09-20', 39),
(486, '2023-12-20', 'Ernesta Withrington', '780x317', 0, '076 Eggendart Road', '2 Waywood Circle', '2019-07-31', 33),
(487, '2024-03-12', 'Lock Readwin', '780x317', 0, '28 Petterle Center', '2724 Myrtle Plaza', '2022-05-14', 47),
(488, '2023-11-13', 'Curtis Bandy', '11x170', 0, '14 Bunker Hill Pass', '8053 2nd Street', '2024-04-06', 25),
(489, '2023-10-16', 'Geralda Cleverly', '800x684', 1, '0286 Erie Terrace', '99 Golf Course Way', '2022-09-28', 26),
(490, '2024-03-18', 'Bentlee Bront', '569x363', 0, '338 Pleasure Lane', '77 Mariners Cove Road', '2024-04-06', 68),
(491, '2023-10-21', 'Welsh Hanwell', '569x363', 0, '3 Judy Point', '144 Glendale Avenue', '2020-07-23', 49),
(492, '2023-09-13', 'Jodee Fynan', '800x684', 0, '8345 Claremont Trail', '01814 Milwaukee Parkway', '2020-09-29', 90),
(493, '2023-10-31', 'Berke Bison', '854x318', 0, '69 David Crossing', '3 Dahle Hill', '2020-04-25', 32),
(494, '2024-03-01', 'Kimble Granham', '11x170', 1, '693 Huxley Hill', '044 Shasta Junction', '2023-11-26', 34),
(495, '2024-01-01', 'Larine Minichi', '780x317', 1, '83137 Miller Street', '3511 Maryland Court', '2023-06-06', 69),
(496, '2024-02-07', 'Pearla Hallowes', '569x363', 0, '807 Hansons Junction', '74778 Columbus Court', '2022-09-12', 93),
(497, '2024-01-15', 'Glynn Dacca', '11x170', 0, '50 Thompson Street', '544 Shasta Road', '2024-03-12', 51),
(498, '2024-01-06', 'Michail Medd', '11x170', 1, '970 Florence Drive', '669 Mendota Place', '2021-01-06', 75),
(499, '2023-10-07', 'Leonanie Bullough', '780x317', 0, '33 Lindbergh Crossing', '6575 Village Green Road', '2021-04-30', 19),
(500, '2023-12-12', 'Tiebout Leedes', '569x363', 0, '12 Kennedy Pass', '2132 Iowa Circle', '2022-04-13', 68),
(501, '2024-01-23', 'Doll Maddyson', '854x318', 0, '6099 Crescent Oaks Trail', '62 Dunning Park', '2024-05-21', 1),
(502, '2023-12-05', 'Arther McKim', '569x363', 0, '2282 Armistice Park', '30508 Sommers Avenue', '2024-05-22', 1),
(503, '2024-04-17', 'Marshal Quaintance', '377x488', 0, '83 Caliangt Hill', '51532 Graedel Trail', '2024-05-22', 1),
(504, '2023-08-21', 'Reg Munkton', '714x93', 0, '77 David Place', '576 Muir Junction', '2024-05-22', 1),
(505, '2023-09-24', 'Jeannine Whichelow', '269x407', 0, '86 Pine View Center', '566 Tennyson Terrace', '2024-05-22', 1);

--
-- 칈ndices para tablas volcadas
--

--
-- Indices de la tabla `Banatzailea`
--
ALTER TABLE `Banatzailea`
  ADD PRIMARY KEY (`id`);

--
-- Indices de la tabla `erabiltzailea`
--
ALTER TABLE `erabiltzailea`
  ADD PRIMARY KEY (`id`);

--
-- Indices de la tabla `Inzidenzia`
--
ALTER TABLE `Inzidenzia`
  ADD PRIMARY KEY (`inzidenzia_kodea`);

--
-- Indices de la tabla `Paketea`
--
ALTER TABLE `Paketea`
  ADD PRIMARY KEY (`id`),
  ADD KEY `fk_Paketea_Banatzailea_idx` (`Banatzailea_id`);

--
-- Indices de la tabla `paketeak_inzidenzia_eduki`
--
ALTER TABLE `paketeak_inzidenzia_eduki`
  ADD PRIMARY KEY (`inzidenzia`,`paketea`),
  ADD KEY `fk_Inzidenzia_has_Pakete_Historiala_Pakete_Historiala1_idx` (`paketea`),
  ADD KEY `fk_Inzidenzia_has_Pakete_Historiala_Inzidenzia1_idx` (`inzidenzia`);

--
-- Indices de la tabla `Pakete_Historiala`
--
ALTER TABLE `Pakete_Historiala`
  ADD PRIMARY KEY (`id`),
  ADD KEY `fk_Pakete_Historiala_Banatzailea1_idx` (`Banatzailea_id`);

--
-- AUTO_INCREMENT de las tablas volcadas
--

--
-- AUTO_INCREMENT de la tabla `Banatzailea`
--
ALTER TABLE `Banatzailea`
  MODIFY `id` int UNSIGNED NOT NULL AUTO_INCREMENT, AUTO_INCREMENT=101;

--
-- AUTO_INCREMENT de la tabla `erabiltzailea`
--
ALTER TABLE `erabiltzailea`
  MODIFY `id` int NOT NULL AUTO_INCREMENT;

--
-- AUTO_INCREMENT de la tabla `Inzidenzia`
--
ALTER TABLE `Inzidenzia`
  MODIFY `inzidenzia_kodea` int NOT NULL AUTO_INCREMENT, AUTO_INCREMENT=25;

--
-- AUTO_INCREMENT de la tabla `Paketea`
--
ALTER TABLE `Paketea`
  MODIFY `id` int NOT NULL AUTO_INCREMENT, AUTO_INCREMENT=501;

--
-- AUTO_INCREMENT de la tabla `Pakete_Historiala`
--
ALTER TABLE `Pakete_Historiala`
  MODIFY `id` int NOT NULL AUTO_INCREMENT, AUTO_INCREMENT=506;

--
-- Restricciones para tablas volcadas
--

--
-- Filtros para la tabla `Paketea`
--
ALTER TABLE `Paketea`
  ADD CONSTRAINT `fk_Paketea_Banatzailea` FOREIGN KEY (`Banatzailea_id`) REFERENCES `Banatzailea` (`id`);

--
-- Filtros para la tabla `paketeak_inzidenzia_eduki`
--
ALTER TABLE `paketeak_inzidenzia_eduki`
  ADD CONSTRAINT `fk_Inzidenzia_has_Pakete_Historiala_Inzidenzia1` FOREIGN KEY (`inzidenzia`) REFERENCES `Inzidenzia` (`inzidenzia_kodea`),
  ADD CONSTRAINT `fk_Inzidenzia_has_Pakete_Historiala_Pakete_Historiala1` FOREIGN KEY (`paketea`) REFERENCES `Pakete_Historiala` (`id`);

--
-- Filtros para la tabla `Pakete_Historiala`
--
ALTER TABLE `Pakete_Historiala`
  ADD CONSTRAINT `fk_Pakete_Historiala_Banatzailea1` FOREIGN KEY (`Banatzailea_id`) REFERENCES `Banatzailea` (`id`);
COMMIT;

/*!40101 SET CHARACTER_SET_CLIENT=@OLD_CHARACTER_SET_CLIENT */;
/*!40101 SET CHARACTER_SET_RESULTS=@OLD_CHARACTER_SET_RESULTS */;
/*!40101 SET COLLATION_CONNECTION=@OLD_COLLATION_CONNECTION */;
